source_accessed_at,broker,source_url,category,section,sector,instrument_name,ticker_symbol,underlying_asset_exchange,currency,tick_size,price_display_example,minimum_trade_unit,contract_value_per_lot,trade_unit,trading_hours,margin_rate_leverage,max_order_quantity,instrument_position_limit,account_position_limit,price_adjustment,interest_adjustment,rights_adjustment,instrument_position_limit_note,minimum_trade_quantity,withholding_tax_note
2026-07-13T08:14:44+00:00,GMOクリック証券,https://www.click-sec.com/corp/guide/cfd/lineup/,株価指数CFD,参照原資産：株価指数先物,,日本225,NK; NKD; NIY,日経225先物/SGX・CME,JPY,0.1,,,,CFD価格 の10倍,月曜～金曜の 8：10～翌7：00 (米国夏時間 7：10～翌6：00）,10倍,,,,あり,なし,なし,あり （詳しくはこちら）,0.1枚,
2026-07-13T08:14:44+00:00,GMOクリック証券,https://www.click-sec.com/corp/guide/cfd/lineup/,株価指数CFD,参照原資産：株価指数先物,,日本TPX,TPX,TOPIX先物/OSE,JPY,0.01,,,,CFD価格 の100倍,月曜～金曜の 8：45～15：40 17：00～翌5：50,10倍,,,,あり,なし,なし,あり （詳しくはこちら）,0.1枚,
2026-07-13T08:14:44+00:00,GMOクリック証券,https://www.click-sec.com/corp/guide/cfd/lineup/,株価指数CFD,参照原資産：株価指数先物,,米国30,YM,NYダウ先物/CME,USD,0.1,,,,CFD価格 の0.1倍,月曜～金曜の 8：00～翌6：59 (米国夏時間 7：00～翌5：59),10倍,,,,あり,なし,なし,あり （詳しくはこちら）,0.1枚,
2026-07-13T08:14:44+00:00,GMOクリック証券,https://www.click-sec.com/corp/guide/cfd/lineup/,株価指数CFD,参照原資産：株価指数先物,,米国S500,ES,S&P500先物/CME,USD,0.01,,,,CFD価格 の1倍,月曜～金曜の 8：00～翌6：59 (米国夏時間 7：00～翌5：59),10倍,,,,あり,なし,なし,あり （詳しくはこちら）,0.1枚,
2026-07-13T08:14:44+00:00,GMOクリック証券,https://www.click-sec.com/corp/guide/cfd/lineup/,株価指数CFD,参照原資産：株価指数先物,,米国NQ100,NQ,E-mini NASDAQ100先物/CME,USD,0.1,,,,CFD価格 の1倍,月曜～金曜の 8：00～翌6：59 (米国夏時間 7：00～翌5：59),10倍,,,,あり,なし,なし,あり （詳しくはこちら）,0.1枚,
2026-07-13T08:14:44+00:00,GMOクリック証券,https://www.click-sec.com/corp/guide/cfd/lineup/,株価指数CFD,参照原資産：株価指数先物,,米国NQ100ミニ,MNQ,Micro E-mini NASDAQ100先物/CME,USD,0.1,,,,CFD価格 の0.1倍,月曜～金曜の 8：00～翌6：59 (米国夏時間 7：00～翌5：59),10倍,,,,あり,なし,なし,あり （詳しくはこちら）,0.1枚,
2026-07-13T08:14:44+00:00,GMOクリック証券,https://www.click-sec.com/corp/guide/cfd/lineup/,株価指数CFD,参照原資産：株価指数先物,,米国RS2000,RTY,E-mini Russell 2000先物/CME,USD,0.01,,,,CFD価格 の1倍,月曜～金曜の 8：00～翌6：59 (米国夏時間 7：00～翌5：59),10倍,,,,あり,なし,なし,あり （詳しくはこちら）,0.1枚,
2026-07-13T08:14:44+00:00,GMOクリック証券,https://www.click-sec.com/corp/guide/cfd/lineup/,株価指数CFD,参照原資産：株価指数先物,,上海A50,CN,FTSE中国A50先物/SGX,USD,0.1,,,,CFD価格 の0.1倍,月曜～金曜の 10：00～17：30 18：00～翌4：50,10倍,,,,あり,なし,なし,あり （詳しくはこちら）,0.1枚,
2026-07-13T08:14:44+00:00,GMOクリック証券,https://www.click-sec.com/corp/guide/cfd/lineup/,株価指数CFD,参照原資産：株価指数先物,,香港H,HSI,香港ハンセン先物/HKEX,HKD,0.1,,,,CFD価格 の1倍,月曜～金曜の 10：15～13：00 14：00～17：15 18：45～翌4：00,10倍,,,,あり,なし,なし,あり （詳しくはこちら）,0.1枚,
2026-07-13T08:14:44+00:00,GMOクリック証券,https://www.click-sec.com/corp/guide/cfd/lineup/,株価指数CFD,参照原資産：株価指数先物,,イギリス100,Z,FTSE100先物/ICE,GBP,0.1,,,,CFD価格 の0.1倍,月曜～金曜の 10：00～翌6：00 （欧州夏時間 9：00～翌5：00),10倍,,,,あり,なし,なし,あり （詳しくはこちら）,0.1枚,
2026-07-13T08:14:44+00:00,GMOクリック証券,https://www.click-sec.com/corp/guide/cfd/lineup/,株価指数CFD,参照原資産：株価指数先物,,ユーロ50,FESX,ユーロ・ストックス50先物/EUREX,EUR,0.1,,,,CFD価格 の0.1倍,月曜～金曜の 9：15～翌6：00 （欧州夏時間 9：15～翌5：00）,10倍,,,,あり,なし,なし,あり （詳しくはこちら）,0.1枚,
2026-07-13T08:14:44+00:00,GMOクリック証券,https://www.click-sec.com/corp/guide/cfd/lineup/,株価指数CFD,参照原資産：株価指数先物,,ドイツ40,FDAX,ドイツDAX先物/EUREX,EUR,0.1,,,,CFD価格 の0.1倍,月曜～金曜の 9：15～翌6：00 （欧州夏時間 9：15～翌5：00）,10倍,,,,あり,なし,なし,あり （詳しくはこちら）,0.1枚,
2026-07-13T08:14:44+00:00,GMOクリック証券,https://www.click-sec.com/corp/guide/cfd/lineup/,株価指数CFD,参照原資産：株価指数先物,,フランス40,FCE,CAC40先物/EURONEXT,EUR,0.1,,,,CFD価格 の0.1倍,月曜～金曜の 16：00～翌6:00 (欧州夏時間 15：00～翌5：00）,10倍,,,,あり,なし,なし,あり （詳しくはこちら）,0.1枚,
2026-07-13T08:14:44+00:00,GMOクリック証券,https://www.click-sec.com/corp/guide/cfd/lineup/,株価指数CFD,参照原資産：ETF（株価指数連動型）,,米国半導体ETF,SOXX,iシェアーズ セミコンダクターETF/NASDAQ,USD,0.01,,,,CFD価格 の1倍,月曜～金曜の 23：30～翌6：00 (米国夏時間 22：30～翌5：00),10倍,,,,なし,あり,あり,なし,1枚,「米国半導体ETF」の権利調整額（分配金等）に対し、米国税制に基づき定められた源泉徴収税額が徴収されます。
2026-07-13T08:14:44+00:00,GMOクリック証券,https://www.click-sec.com/corp/guide/cfd/lineup/,株価指数CFD,参照原資産：ETF（株価指数連動型）,,インドネシア株価指数ETF,EIDO,iシェアーズ MSCI インドネシア ETF/NYSE ARCA,USD,0.01,,,,CFD価格 の1倍,月曜～金曜の 23：30～翌6：00 (米国夏時間 22：30～翌5：00),10倍,,,,なし,あり,あり,なし,1枚,「米国半導体ETF」の権利調整額（分配金等）に対し、米国税制に基づき定められた源泉徴収税額が徴収されます。
2026-07-13T08:14:44+00:00,GMOクリック証券,https://www.click-sec.com/corp/guide/cfd/lineup/,株価指数CFD,参照原資産：ETF（株価指数連動型）,,タイ株価指数ETF,THD,iシェアーズ MSCI タイ ETF/NYSE ARCA,USD,0.01,,,,CFD価格 の1倍,月曜～金曜の 23：30～翌6：00 (米国夏時間 22：30～翌5：00),10倍,,,,なし,あり,あり,なし,1枚,「米国半導体ETF」の権利調整額（分配金等）に対し、米国税制に基づき定められた源泉徴収税額が徴収されます。
2026-07-13T08:14:44+00:00,GMOクリック証券,https://www.click-sec.com/corp/guide/cfd/lineup/,株価指数CFD,参照原資産：ETF（株価指数連動型）,,ベトナム株価指数ETF,VNM,ヴァンエック・ベクトル・ベトナム ETF/CBOE(旧BATS）,USD,0.01,,,,CFD価格 の1倍,月曜～金曜の 23：30～翌6：00 (米国夏時間 22：30～翌5：00),10倍,,,,なし,あり,あり,なし,1枚,「米国半導体ETF」の権利調整額（分配金等）に対し、米国税制に基づき定められた源泉徴収税額が徴収されます。
2026-07-13T08:14:44+00:00,GMOクリック証券,https://www.click-sec.com/corp/guide/cfd/lineup/,株価指数CFD,参照原資産：ETF（株価指数連動型）,,マレーシア株価指数ETF,EWM,iシェアーズ MSCI マレーシア ETF/NYSE ARCA,USD,0.01,,,,CFD価格 の1倍,月曜～金曜の 23：30～翌6：00 (米国夏時間 22：30～翌5：00),10倍,,,,なし,あり,あり,なし,1枚,「米国半導体ETF」の権利調整額（分配金等）に対し、米国税制に基づき定められた源泉徴収税額が徴収されます。
2026-07-13T08:14:44+00:00,GMOクリック証券,https://www.click-sec.com/corp/guide/cfd/lineup/,株価指数CFD,参照原資産：ETF（株価指数連動型）,,フィリピン株価指数ETF,EPHE,iシェアーズ MSCI フィリピン ETF/NYSE ARCA,USD,0.01,,,,CFD価格 の1倍,月曜～金曜の 23：30～翌6：00 (米国夏時間 22：30～翌5：00),10倍,,,,なし,あり,あり,なし,1枚,「米国半導体ETF」の権利調整額（分配金等）に対し、米国税制に基づき定められた源泉徴収税額が徴収されます。
2026-07-13T08:14:44+00:00,GMOクリック証券,https://www.click-sec.com/corp/guide/cfd/lineup/,株価指数CFD,参照原資産：ETF（株価指数連動型）,,シンガポール株価指数ETF,EWS,iシェアーズ MSCI シンガポール ETF/NYSE ARCA,USD,0.01,,,,CFD価格 の1倍,月曜～金曜の 23：30～翌6：00 (米国夏時間 22：30～翌5：00),10倍,,,,なし,あり,あり,なし,1枚,「米国半導体ETF」の権利調整額（分配金等）に対し、米国税制に基づき定められた源泉徴収税額が徴収されます。
2026-07-13T08:14:44+00:00,GMOクリック証券,https://www.click-sec.com/corp/guide/cfd/lineup/,株価指数CFD,参照原資産：ETF（株価指数連動型）,,韓国株価指数ETF,EWY,iシェアーズ MSCI 韓国 ETF/NYSE ARCA,USD,0.01,,,,CFD価格 の1倍,月曜～金曜の 23：30～翌6：00 (米国夏時間 22：30～翌5：00),10倍,,,,なし,あり,あり,なし,1枚,「米国半導体ETF」の権利調整額（分配金等）に対し、米国税制に基づき定められた源泉徴収税額が徴収されます。
2026-07-13T08:14:44+00:00,GMOクリック証券,https://www.click-sec.com/corp/guide/cfd/lineup/,株価指数CFD,参照原資産：ETF（株価指数連動型）,,台湾株価指数ETF,EWT,iシェアーズ MSCI 台湾 ETF/NYSE ARCA,USD,0.01,,,,CFD価格 の1倍,月曜～金曜の 23：30～翌6：00 (米国夏時間 22：30～翌5：00),10倍,,,,なし,あり,あり,なし,1枚,「米国半導体ETF」の権利調整額（分配金等）に対し、米国税制に基づき定められた源泉徴収税額が徴収されます。
2026-07-13T08:14:44+00:00,GMOクリック証券,https://www.click-sec.com/corp/guide/cfd/lineup/,株価指数CFD,参照原資産：ETF（株価指数連動型）,,トルコ株価指数ETF,TUR,iシェアーズ MSCI トルコ ETF/NASDAQ,USD,0.01,,,,CFD価格 の1倍,月曜～金曜の 23：30～翌6：00 (米国夏時間 22：30～翌5：00),10倍,,,,なし,あり,あり,なし,1枚,「米国半導体ETF」の権利調整額（分配金等）に対し、米国税制に基づき定められた源泉徴収税額が徴収されます。
2026-07-13T08:14:44+00:00,GMOクリック証券,https://www.click-sec.com/corp/guide/cfd/lineup/,株価指数CFD,参照原資産：ETF（株価指数連動型）,,ロシア株価指数ETF ※,RSX,ヴァンエック ベクトル ロシア ETF/CBOE(旧BATS）,USD,0.01,,,,CFD価格 の1倍,月曜～金曜の 23：30～翌6：00 (米国夏時間 22：30～翌5：00),10倍,,,,なし,あり,あり,なし,1枚,「米国半導体ETF」の権利調整額（分配金等）に対し、米国税制に基づき定められた源泉徴収税額が徴収されます。
2026-07-13T08:14:44+00:00,GMOクリック証券,https://www.click-sec.com/corp/guide/cfd/lineup/,株価指数CFD,参照原資産：ETF（株価指数連動型）,,イタリア株価指数ETF,EWI,iシェアーズ MSCI イタリア ETF/NYSE ARCA,USD,0.01,,,,CFD価格 の1倍,月曜～金曜の 23：30～翌6：00 (米国夏時間 22：30～翌5：00),10倍,,,,なし,あり,あり,なし,1枚,「米国半導体ETF」の権利調整額（分配金等）に対し、米国税制に基づき定められた源泉徴収税額が徴収されます。
2026-07-13T08:14:44+00:00,GMOクリック証券,https://www.click-sec.com/corp/guide/cfd/lineup/,株価指数CFD,参照原資産：ETF（株価指数連動型）,,スイス株価指数ETF,EWL,iシェアーズ MSCI スイス ETF/NYSE ARCA,USD,0.01,,,,CFD価格 の1倍,月曜～金曜の 23：30～翌6：00 (米国夏時間 22：30～翌5：00),10倍,,,,なし,あり,あり,なし,1枚,「米国半導体ETF」の権利調整額（分配金等）に対し、米国税制に基づき定められた源泉徴収税額が徴収されます。
2026-07-13T08:14:44+00:00,GMOクリック証券,https://www.click-sec.com/corp/guide/cfd/lineup/,株価指数CFD,参照原資産：ETF（株価指数連動型）,,オランダ株価指数ETF,EWN,iシェアーズ MSCI オランダ ETF/NYSE ARCA,USD,0.01,,,,CFD価格 の1倍,月曜～金曜の 23：30～翌6：00 (米国夏時間 22：30～翌5：00),10倍,,,,なし,あり,あり,なし,1枚,「米国半導体ETF」の権利調整額（分配金等）に対し、米国税制に基づき定められた源泉徴収税額が徴収されます。
2026-07-13T08:14:44+00:00,GMOクリック証券,https://www.click-sec.com/corp/guide/cfd/lineup/,株価指数CFD,参照原資産：ETF（株価指数連動型）,,ベルギー株価指数ETF,EWK,iシェアーズ MSCI ベルギー ETF/NYSE ARCA,USD,0.01,,,,CFD価格 の1倍,月曜～金曜の 23：30～翌6：00 (米国夏時間 22：30～翌5：00),10倍,,,,なし,あり,あり,なし,1枚,「米国半導体ETF」の権利調整額（分配金等）に対し、米国税制に基づき定められた源泉徴収税額が徴収されます。
2026-07-13T08:14:44+00:00,GMOクリック証券,https://www.click-sec.com/corp/guide/cfd/lineup/,株価指数CFD,参照原資産：ETF（株価指数連動型）,,スウェーデン株価指数ETF,EWD,iシェアーズ MSCI スウェーデン ETF/NYSE ARCA,USD,0.01,,,,CFD価格 の1倍,月曜～金曜の 23：30～翌6：00 (米国夏時間 22：30～翌5：00),10倍,,,,なし,あり,あり,なし,1枚,「米国半導体ETF」の権利調整額（分配金等）に対し、米国税制に基づき定められた源泉徴収税額が徴収されます。
2026-07-13T08:14:44+00:00,GMOクリック証券,https://www.click-sec.com/corp/guide/cfd/lineup/,株価指数CFD,参照原資産：ETF（株価指数連動型）,,南アフリカ株価指数ETF,EZA,iシェアーズ MSCI 南アフリカ ETF/NYSE ARCA,USD,0.01,,,,CFD価格 の1倍,月曜～金曜の 23：30～翌6：00 (米国夏時間 22：30～翌5：00),10倍,,,,なし,あり,あり,なし,1枚,「米国半導体ETF」の権利調整額（分配金等）に対し、米国税制に基づき定められた源泉徴収税額が徴収されます。
2026-07-13T08:14:44+00:00,GMOクリック証券,https://www.click-sec.com/corp/guide/cfd/lineup/,株価指数CFD,参照原資産：ETF（株価指数連動型）,,ブラジル株価指数ETF,EWZ,iシェアーズ MSCI ブラジル ETF/NYSE ARCA,USD,0.01,,,,CFD価格 の1倍,月曜～金曜の 23：30～翌6：00 (米国夏時間 22：30～翌5：00),10倍,,,,なし,あり,あり,なし,1枚,「米国半導体ETF」の権利調整額（分配金等）に対し、米国税制に基づき定められた源泉徴収税額が徴収されます。
2026-07-13T08:14:44+00:00,GMOクリック証券,https://www.click-sec.com/corp/guide/cfd/lineup/,株価指数CFD,参照原資産：ETF（株価指数連動型）,,チリ株価指数ETF,ECH,iシェアーズ MSCI チリ ETF/CBOE(旧BATS）,USD,0.01,,,,CFD価格 の1倍,月曜～金曜の 23：30～翌6：00 (米国夏時間 22：30～翌5：00),10倍,,,,なし,あり,あり,なし,1枚,「米国半導体ETF」の権利調整額（分配金等）に対し、米国税制に基づき定められた源泉徴収税額が徴収されます。
2026-07-13T08:14:44+00:00,GMOクリック証券,https://www.click-sec.com/corp/guide/cfd/lineup/,株価指数CFD,参照原資産：ETF（株価指数連動型）,,メキシコ株価指数ETF,EWW,iシェアーズ MSCI メキシコ ETF/NYSE ARCA,USD,0.01,,,,CFD価格 の1倍,月曜～金曜の 23：30～翌6：00 (米国夏時間 22：30～翌5：00),10倍,,,,なし,あり,あり,なし,1枚,「米国半導体ETF」の権利調整額（分配金等）に対し、米国税制に基づき定められた源泉徴収税額が徴収されます。
2026-07-13T08:14:44+00:00,GMOクリック証券,https://www.click-sec.com/corp/guide/cfd/lineup/,株価指数CFD,参照原資産：ETF（株価指数連動型）,,カナダ株価指数ETF,EWC,iシェアーズ MSCI カナダ ETF/NYSE ARCA,USD,0.01,,,,CFD価格 の1倍,月曜～金曜の 23：30～翌6：00 (米国夏時間 22：30～翌5：00),10倍,,,,なし,あり,あり,なし,1枚,「米国半導体ETF」の権利調整額（分配金等）に対し、米国税制に基づき定められた源泉徴収税額が徴収されます。
2026-07-13T08:14:44+00:00,GMOクリック証券,https://www.click-sec.com/corp/guide/cfd/lineup/,株価指数CFD,参照原資産：ETF（株価指数連動型）,,オーストラリア株価指数ETF,EWA,iシェアーズ MSCI オーストラリア ETF/NYSE ARCA,USD,0.01,,,,CFD価格 の1倍,月曜～金曜の 23：30～翌6：00 (米国夏時間 22：30～翌5：00),10倍,,,,なし,あり,あり,なし,1枚,「米国半導体ETF」の権利調整額（分配金等）に対し、米国税制に基づき定められた源泉徴収税額が徴収されます。
2026-07-13T08:14:44+00:00,GMOクリック証券,https://www.click-sec.com/corp/guide/cfd/lineup/,商品CFD,スポット取引,,金スポット,XAU,金のスポット取引,USD,0.01,,,,CFD価格の1倍/ 1トロイオンス,月曜～金曜の 8：00～翌7：00 （米国夏時間 7：00～翌6：00）,20倍,,,,あり（金スポット、金/JPY、銀スポット、銀/JPY、プラチナスポット、プラチナ/JPY以外）,あり（金スポット、金/JPY、銀スポット、銀/JPY、プラチナスポット、プラチナ/JPY）,なし,あり （詳しくはこちら）,0.1枚,
2026-07-13T08:14:44+00:00,GMOクリック証券,https://www.click-sec.com/corp/guide/cfd/lineup/,商品CFD,スポット取引,,金/JPY,XAUJPY,金のスポット取引,JPY,1,,,,CFD価格の1倍/1.1グラム,月曜～金曜の 8：00～翌7：00 （米国夏時間 7：00～翌6：00）,20倍,,,,あり（金スポット、金/JPY、銀スポット、銀/JPY、プラチナスポット、プラチナ/JPY以外）,あり（金スポット、金/JPY、銀スポット、銀/JPY、プラチナスポット、プラチナ/JPY）,なし,あり （詳しくはこちら）,0.1枚,
2026-07-13T08:14:44+00:00,GMOクリック証券,https://www.click-sec.com/corp/guide/cfd/lineup/,商品CFD,スポット取引,,銀スポット,XAG,銀のスポット取引,USD,0.001,,,,CFD価格の10倍/ 10トロイオンス,月曜～金曜の 8：15～翌7：00 （米国夏時間7：15～翌6：00）,20倍,,,,あり（金スポット、金/JPY、銀スポット、銀/JPY、プラチナスポット、プラチナ/JPY以外）,あり（金スポット、金/JPY、銀スポット、銀/JPY、プラチナスポット、プラチナ/JPY）,なし,あり （詳しくはこちら）,0.1枚,
2026-07-13T08:14:44+00:00,GMOクリック証券,https://www.click-sec.com/corp/guide/cfd/lineup/,商品CFD,スポット取引,,銀/JPY,XAGJPY,銀のスポット取引,JPY,1,,,,CFD価格の10倍/11グラム,月曜～金曜の 8：15～翌7：00 （米国夏時間7：15～翌6：00）,20倍,,,,あり（金スポット、金/JPY、銀スポット、銀/JPY、プラチナスポット、プラチナ/JPY以外）,あり（金スポット、金/JPY、銀スポット、銀/JPY、プラチナスポット、プラチナ/JPY）,なし,あり （詳しくはこちら）,0.1枚,
2026-07-13T08:14:44+00:00,GMOクリック証券,https://www.click-sec.com/corp/guide/cfd/lineup/,商品CFD,スポット取引,,プラチナスポット,XPT,プラチナのスポット取引,USD,0.1,,,,CFD価格の1倍/ 1トロイオンス,月曜～金曜の8:15～翌6:45 （米国夏時間7：15～5：45）,20倍,,,,あり（金スポット、金/JPY、銀スポット、銀/JPY、プラチナスポット、プラチナ/JPY以外）,あり（金スポット、金/JPY、銀スポット、銀/JPY、プラチナスポット、プラチナ/JPY）,なし,あり （詳しくはこちら）,0.1枚,
2026-07-13T08:14:44+00:00,GMOクリック証券,https://www.click-sec.com/corp/guide/cfd/lineup/,商品CFD,スポット取引,,プラチナ/JPY,XPTJPY,プラチナのスポット取引,JPY,1,,,,CFD価格の1倍/1.1グラム,月曜～金曜の8:15～翌6:45 （米国夏時間7：15～5：45）,20倍,,,,あり（金スポット、金/JPY、銀スポット、銀/JPY、プラチナスポット、プラチナ/JPY以外）,あり（金スポット、金/JPY、銀スポット、銀/JPY、プラチナスポット、プラチナ/JPY）,なし,あり （詳しくはこちら）,0.1枚,
2026-07-13T08:14:44+00:00,GMOクリック証券,https://www.click-sec.com/corp/guide/cfd/lineup/,商品CFD,スポット取引,,銅先物,HG,銅先物/CME,USD,0.01,,,,CFD価格の1倍/ 100ポンド,月曜～金曜の 8：00～翌7：00 （米国夏時間 7：00～翌6：00）,20倍,,,,あり（金スポット、金/JPY、銀スポット、銀/JPY、プラチナスポット、プラチナ/JPY以外）,あり（金スポット、金/JPY、銀スポット、銀/JPY、プラチナスポット、プラチナ/JPY）,なし,あり （詳しくはこちら）,0.1枚,
2026-07-13T08:14:44+00:00,GMOクリック証券,https://www.click-sec.com/corp/guide/cfd/lineup/,商品CFD,スポット取引,,鉄鉱石,FEF,鉄鉱石先物/SGX,USD,0.01,,,,CFD価格の1倍/ 1メトリックトン,月曜～金曜の 10：30～12：00 14：45～16：00 22：30～24：00,20倍,,,,あり（金スポット、金/JPY、銀スポット、銀/JPY、プラチナスポット、プラチナ/JPY以外）,あり（金スポット、金/JPY、銀スポット、銀/JPY、プラチナスポット、プラチナ/JPY）,なし,あり （詳しくはこちら）,0.1枚,
2026-07-13T08:14:44+00:00,GMOクリック証券,https://www.click-sec.com/corp/guide/cfd/lineup/,商品CFD,スポット取引,,WTI原油,CL,WTI原油先物/CME,USD,0.001,,,,CFD価格の10倍/ 10バレル,月曜～金曜の 8:00～翌7:00 (米国夏時間 7:00～翌6:00),20倍,,,,あり（金スポット、金/JPY、銀スポット、銀/JPY、プラチナスポット、プラチナ/JPY以外）,あり（金スポット、金/JPY、銀スポット、銀/JPY、プラチナスポット、プラチナ/JPY）,なし,あり （詳しくはこちら）,0.1枚,
2026-07-13T08:14:44+00:00,GMOクリック証券,https://www.click-sec.com/corp/guide/cfd/lineup/,商品CFD,スポット取引,,北海原油,BRN,北海ブレント原油先物/ICE,USD,0.001,,,,CFD価格の10倍/ 10バレル,月曜～金曜の 10:00～翌7:00 （米国夏時間 9:00～翌6:00）,20倍,,,,あり（金スポット、金/JPY、銀スポット、銀/JPY、プラチナスポット、プラチナ/JPY以外）,あり（金スポット、金/JPY、銀スポット、銀/JPY、プラチナスポット、プラチナ/JPY）,なし,あり （詳しくはこちら）,0.1枚,
2026-07-13T08:14:44+00:00,GMOクリック証券,https://www.click-sec.com/corp/guide/cfd/lineup/,商品CFD,スポット取引,,天然ガス,NG,天然ガス先物/CME,USD,0.001,,,,CFD価格の100倍/ 100MMBTU,月曜～金曜の 8：00～翌7：00 (米国夏時間 7：00～翌6：00）,20倍,,,,あり（金スポット、金/JPY、銀スポット、銀/JPY、プラチナスポット、プラチナ/JPY以外）,あり（金スポット、金/JPY、銀スポット、銀/JPY、プラチナスポット、プラチナ/JPY）,なし,あり （詳しくはこちら）,0.1枚,
2026-07-13T08:14:44+00:00,GMOクリック証券,https://www.click-sec.com/corp/guide/cfd/lineup/,商品CFD,スポット取引,,ガソリン,RB,ガソリン先物/CME,USD,0.01,,,,CFD価格の1倍/ 100ガロン,月曜～金曜の 8：00～翌7：00 (米国夏時間 7：00～翌6：00）,20倍,,,,あり（金スポット、金/JPY、銀スポット、銀/JPY、プラチナスポット、プラチナ/JPY以外）,あり（金スポット、金/JPY、銀スポット、銀/JPY、プラチナスポット、プラチナ/JPY）,なし,あり （詳しくはこちら）,0.1枚,
2026-07-13T08:14:44+00:00,GMOクリック証券,https://www.click-sec.com/corp/guide/cfd/lineup/,商品CFD,スポット取引,,ヒーティングオイル,HO,ヒーティングオイル先物/CME,USD,0.01,,,,CFD価格の1倍/ 100ガロン,月曜～金曜の 8：00～翌7：00 (米国夏時間 7：00～翌6：00）,20倍,,,,あり（金スポット、金/JPY、銀スポット、銀/JPY、プラチナスポット、プラチナ/JPY以外）,あり（金スポット、金/JPY、銀スポット、銀/JPY、プラチナスポット、プラチナ/JPY）,なし,あり （詳しくはこちら）,0.1枚,
2026-07-13T08:14:44+00:00,GMOクリック証券,https://www.click-sec.com/corp/guide/cfd/lineup/,商品CFD,スポット取引,,コーン,ZC,コーン先物/CME,USD,0.01,,,,CFD価格の1倍/ 100ブッシェル,月曜～金曜の 10：00～22：45、 23：30～翌4：15 (米国夏時間 9：00～21：45、 22：30～翌3：15),20倍,,,,あり（金スポット、金/JPY、銀スポット、銀/JPY、プラチナスポット、プラチナ/JPY以外）,あり（金スポット、金/JPY、銀スポット、銀/JPY、プラチナスポット、プラチナ/JPY）,なし,あり （詳しくはこちら）,0.1枚,
2026-07-13T08:14:44+00:00,GMOクリック証券,https://www.click-sec.com/corp/guide/cfd/lineup/,商品CFD,スポット取引,,大豆,ZS,大豆先物/CME,USD,0.01,,,,CFD価格の1倍/ 100ブッシェル,月曜～金曜の 10：00～22：45、 23：30～翌4：15 (米国夏時間 9：00～21：45、 22：30～翌3：15),20倍,,,,あり（金スポット、金/JPY、銀スポット、銀/JPY、プラチナスポット、プラチナ/JPY以外）,あり（金スポット、金/JPY、銀スポット、銀/JPY、プラチナスポット、プラチナ/JPY）,なし,あり （詳しくはこちら）,0.1枚,
2026-07-13T08:14:44+00:00,GMOクリック証券,https://www.click-sec.com/corp/guide/cfd/lineup/,商品CFD,スポット取引,,小麦,ZW,小麦先物/CME,USD,0.01,,,,CFD価格の1倍/ 100ブッシェル,月曜～金曜の 10：00～22：45、 23：30～翌4：15 (米国夏時間 9：00～21：45、 22：30～翌3：15),20倍,,,,あり（金スポット、金/JPY、銀スポット、銀/JPY、プラチナスポット、プラチナ/JPY以外）,あり（金スポット、金/JPY、銀スポット、銀/JPY、プラチナスポット、プラチナ/JPY）,なし,あり （詳しくはこちら）,0.1枚,
2026-07-13T08:14:44+00:00,GMOクリック証券,https://www.click-sec.com/corp/guide/cfd/lineup/,商品CFD,スポット取引,,砂糖,SB,砂糖先物/ICE,USD,0.01,,,,CFD価格の10倍/ 1000ポンド,月曜～金曜の 17:30～翌3：00 (欧州夏時間 16:30～翌2：00）,20倍,,,,あり（金スポット、金/JPY、銀スポット、銀/JPY、プラチナスポット、プラチナ/JPY以外）,あり（金スポット、金/JPY、銀スポット、銀/JPY、プラチナスポット、プラチナ/JPY）,なし,あり （詳しくはこちら）,0.1枚,
2026-07-13T08:14:44+00:00,GMOクリック証券,https://www.click-sec.com/corp/guide/cfd/lineup/,商品CFD,スポット取引,,ココア,CC,ココア先物/ICE,USD,1,,,,CFD価格の0.1倍/ 0.1メトリックトン,月曜～金曜の 18：45～翌3:30 (欧州夏時間 17：45～翌2：30）,20倍,,,,あり（金スポット、金/JPY、銀スポット、銀/JPY、プラチナスポット、プラチナ/JPY以外）,あり（金スポット、金/JPY、銀スポット、銀/JPY、プラチナスポット、プラチナ/JPY）,なし,あり （詳しくはこちら）,0.1枚,
2026-07-13T08:14:44+00:00,GMOクリック証券,https://www.click-sec.com/corp/guide/cfd/lineup/,商品CFD,スポット取引,,コーヒー,KC,コーヒー先物/ICE,USD,0.01,,,,CFD価格の1倍/ 100ポンド,月曜～金曜の 18：15～翌3:30 (欧州夏時間 17：15～翌2：30）,20倍,,,,あり（金スポット、金/JPY、銀スポット、銀/JPY、プラチナスポット、プラチナ/JPY以外）,あり（金スポット、金/JPY、銀スポット、銀/JPY、プラチナスポット、プラチナ/JPY）,なし,あり （詳しくはこちら）,0.1枚,
2026-07-13T08:14:44+00:00,GMOクリック証券,https://www.click-sec.com/corp/guide/cfd/lineup/,商品CFD,スポット取引,,コットン,CT,コットン先物/ICE,USD,0.01,,,,CFD価格の10倍/ 1000ポンド,月曜～金曜の 11:00～翌4:20 (米国夏時間 10：00～翌3：20）,20倍,,,,あり（金スポット、金/JPY、銀スポット、銀/JPY、プラチナスポット、プラチナ/JPY以外）,あり（金スポット、金/JPY、銀スポット、銀/JPY、プラチナスポット、プラチナ/JPY）,なし,あり （詳しくはこちら）,0.1枚,
2026-07-13T08:14:44+00:00,GMOクリック証券,https://www.click-sec.com/corp/guide/cfd/lineup/,商品CFD,スポット取引,,牛肉,LE,生牛先物/CME,USD,0.001,,,,CFD価格の1倍/ 100ポンド,月曜～金曜の 23：30～翌4：00 (米国夏時間 22：30～翌3：00）,20倍,,,,あり（金スポット、金/JPY、銀スポット、銀/JPY、プラチナスポット、プラチナ/JPY以外）,あり（金スポット、金/JPY、銀スポット、銀/JPY、プラチナスポット、プラチナ/JPY）,なし,あり （詳しくはこちら）,0.1枚,
2026-07-13T08:14:44+00:00,GMOクリック証券,https://www.click-sec.com/corp/guide/cfd/lineup/,商品CFD,スポット取引,,豚肉,HE,豚赤身肉先物/CME,USD,0.001,,,,CFD価格の1倍/ 100ポンド,月曜～金曜の 23：30～翌4：00 (米国夏時間 22：30～翌3：00）,20倍,,,,あり（金スポット、金/JPY、銀スポット、銀/JPY、プラチナスポット、プラチナ/JPY以外）,あり（金スポット、金/JPY、銀スポット、銀/JPY、プラチナスポット、プラチナ/JPY）,なし,あり （詳しくはこちら）,0.1枚,
2026-07-13T08:14:44+00:00,GMOクリック証券,https://www.click-sec.com/corp/guide/cfd/lineup/,バラエティCFD,参照原資産：その他指数先物,,米国VI,VX,VIX先物/CBOE,USD,0.01,,,,CFD価格 の10倍,月曜～金曜の 8：00～翌6：15 (米国夏時間 7：00～翌5：15),5倍,,,,あり,なし,なし,あり （詳しくはこちら）,0.1枚,
2026-07-13T08:14:44+00:00,GMOクリック証券,https://www.click-sec.com/corp/guide/cfd/lineup/,バラエティCFD,参照原資産：ハイレバレッジ型ETF、ETN,,米国30ブル3倍ETF,UDOW,プロシェアーズ・ウルトラプロ・ダウ30/NYSE ARCA,USD,0.01,,,,CFD価格 の1倍,月曜～金曜の 23：30～翌6：00 (米国夏時間 22：30～翌5：00),5倍,,,,なし,あり,あり,なし,1枚,「米国半導体ブル3倍ETF」、「米国半導体ベア3倍ETF」、「米国エネルギーブル2倍ETF」、「米国エネルギーベア2倍ETF」の権利調整額（分配金等）に対し、米国税制に基づき定められた源泉徴収税額が徴収されます。
2026-07-13T08:14:44+00:00,GMOクリック証券,https://www.click-sec.com/corp/guide/cfd/lineup/,バラエティCFD,参照原資産：ハイレバレッジ型ETF、ETN,,米国30ベア3倍ETF,SDOW,プロシェアーズ・ウルトラプロ・ショート・ダウ30/NYSE ARCA,USD,0.01,,,,CFD価格 の1倍,月曜～金曜の 23：30～翌6：00 (米国夏時間 22：30～翌5：00),5倍,,,,なし,あり,あり,なし,1枚,「米国半導体ブル3倍ETF」、「米国半導体ベア3倍ETF」、「米国エネルギーブル2倍ETF」、「米国エネルギーベア2倍ETF」の権利調整額（分配金等）に対し、米国税制に基づき定められた源泉徴収税額が徴収されます。
2026-07-13T08:14:44+00:00,GMOクリック証券,https://www.click-sec.com/corp/guide/cfd/lineup/,バラエティCFD,参照原資産：ハイレバレッジ型ETF、ETN,,NQ100ブル3倍ETF,TQQQ,プロシェアーズ・ウルトラプロ・NASDAQ100/NASDAQ,USD,0.01,,,,CFD価格 の1倍,月曜～金曜の 23：30～翌6：00 (米国夏時間 22：30～翌5：00),5倍,,,,なし,あり,あり,なし,1枚,「米国半導体ブル3倍ETF」、「米国半導体ベア3倍ETF」、「米国エネルギーブル2倍ETF」、「米国エネルギーベア2倍ETF」の権利調整額（分配金等）に対し、米国税制に基づき定められた源泉徴収税額が徴収されます。
2026-07-13T08:14:44+00:00,GMOクリック証券,https://www.click-sec.com/corp/guide/cfd/lineup/,バラエティCFD,参照原資産：ハイレバレッジ型ETF、ETN,,NQ100ベア3倍ETF,SQQQ,プロシェアーズ・ウルトラプロ・ショート・NASDAQ100/NASDAQ,USD,0.01,,,,CFD価格 の1倍,月曜～金曜の 23：30～翌6：00 (米国夏時間 22：30～翌5：00),5倍,,,,なし,あり,あり,なし,1枚,「米国半導体ブル3倍ETF」、「米国半導体ベア3倍ETF」、「米国エネルギーブル2倍ETF」、「米国エネルギーベア2倍ETF」の権利調整額（分配金等）に対し、米国税制に基づき定められた源泉徴収税額が徴収されます。
2026-07-13T08:14:44+00:00,GMOクリック証券,https://www.click-sec.com/corp/guide/cfd/lineup/,バラエティCFD,参照原資産：ハイレバレッジ型ETF、ETN,,米国小型株ベア3倍ETF,TZA,Direxion デイリー米国小型株ベア3倍ETF/NYSE ARCA,USD,0.01,,,,CFD価格 の1倍,月曜～金曜の 23：30～翌6：00 (米国夏時間 22：30～翌5：00),5倍,,,,なし,あり,あり,なし,1枚,「米国半導体ブル3倍ETF」、「米国半導体ベア3倍ETF」、「米国エネルギーブル2倍ETF」、「米国エネルギーベア2倍ETF」の権利調整額（分配金等）に対し、米国税制に基づき定められた源泉徴収税額が徴収されます。
2026-07-13T08:14:44+00:00,GMOクリック証券,https://www.click-sec.com/corp/guide/cfd/lineup/,バラエティCFD,参照原資産：ハイレバレッジ型ETF、ETN,,米国半導体ブル3倍ETF,SOXL,Direxion デイリー セミコンダクターブル3倍シェアーズETF/NYSE ARCA,USD,0.01,,,,CFD価格 の1倍,月曜～金曜の 23：30～翌6：00 (米国夏時間 22：30～翌5：00),5倍,,,,なし,あり,あり,なし,1枚,「米国半導体ブル3倍ETF」、「米国半導体ベア3倍ETF」、「米国エネルギーブル2倍ETF」、「米国エネルギーベア2倍ETF」の権利調整額（分配金等）に対し、米国税制に基づき定められた源泉徴収税額が徴収されます。
2026-07-13T08:14:44+00:00,GMOクリック証券,https://www.click-sec.com/corp/guide/cfd/lineup/,バラエティCFD,参照原資産：ハイレバレッジ型ETF、ETN,,米国半導体ベア3倍ETF,SOXS,Direxion デイリー セミコンダクターベア3倍シェアーズETF/NYSE ARCA,USD,0.01,,,,CFD価格 の1倍,月曜～金曜の 23：30～翌6：00 (米国夏時間 22：30～翌5：00),5倍,,,,なし,あり,あり,なし,1枚,「米国半導体ブル3倍ETF」、「米国半導体ベア3倍ETF」、「米国エネルギーブル2倍ETF」、「米国エネルギーベア2倍ETF」の権利調整額（分配金等）に対し、米国税制に基づき定められた源泉徴収税額が徴収されます。
2026-07-13T08:14:44+00:00,GMOクリック証券,https://www.click-sec.com/corp/guide/cfd/lineup/,バラエティCFD,参照原資産：ハイレバレッジ型ETF、ETN,,米国エネルギーブル2倍ETF,ERX,Direxion デイリー エネルギー・ブル2倍シェアーズETF/NYSE ARCA,USD,0.01,,,,CFD価格 の1倍,月曜～金曜の 23：30～翌6：00 (米国夏時間 22：30～翌5：00),5倍,,,,なし,あり,あり,なし,1枚,「米国半導体ブル3倍ETF」、「米国半導体ベア3倍ETF」、「米国エネルギーブル2倍ETF」、「米国エネルギーベア2倍ETF」の権利調整額（分配金等）に対し、米国税制に基づき定められた源泉徴収税額が徴収されます。
2026-07-13T08:14:44+00:00,GMOクリック証券,https://www.click-sec.com/corp/guide/cfd/lineup/,バラエティCFD,参照原資産：ハイレバレッジ型ETF、ETN,,米国エネルギーベア2倍ETF,ERY,Direxion デイリー エネルギー・ベア2倍シェアーズETF/NYSE ARCA,USD,0.01,,,,CFD価格 の1倍,月曜～金曜の 23：30～翌6：00 (米国夏時間 22：30～翌5：00),5倍,,,,なし,あり,あり,なし,1枚,「米国半導体ブル3倍ETF」、「米国半導体ベア3倍ETF」、「米国エネルギーブル2倍ETF」、「米国エネルギーベア2倍ETF」の権利調整額（分配金等）に対し、米国税制に基づき定められた源泉徴収税額が徴収されます。
2026-07-13T08:14:44+00:00,GMOクリック証券,https://www.click-sec.com/corp/guide/cfd/lineup/,バラエティCFD,参照原資産：ハイレバレッジ型ETF、ETN,,新興国ブル3倍ETF,EDC,Direxion デイリー 新興国株ブル3倍ETF/NYSE ARCA,USD,0.01,,,,CFD価格 の1倍,月曜～金曜の 23：30～翌6：00 (米国夏時間 22：30～翌5：00),5倍,,,,なし,あり,あり,なし,1枚,「米国半導体ブル3倍ETF」、「米国半導体ベア3倍ETF」、「米国エネルギーブル2倍ETF」、「米国エネルギーベア2倍ETF」の権利調整額（分配金等）に対し、米国税制に基づき定められた源泉徴収税額が徴収されます。
2026-07-13T08:14:44+00:00,GMOクリック証券,https://www.click-sec.com/corp/guide/cfd/lineup/,バラエティCFD,参照原資産：ハイレバレッジ型ETF、ETN,,新興国ベア3倍ETF,EDZ,Direxion デイリー 新興国株ベア3倍ETF/NYSE ARCA,USD,0.01,,,,CFD価格 の1倍,月曜～金曜の 23：30～翌6：00 (米国夏時間 22：30～翌5：00),5倍,,,,なし,あり,あり,なし,1枚,「米国半導体ブル3倍ETF」、「米国半導体ベア3倍ETF」、「米国エネルギーブル2倍ETF」、「米国エネルギーベア2倍ETF」の権利調整額（分配金等）に対し、米国税制に基づき定められた源泉徴収税額が徴収されます。
2026-07-13T08:14:44+00:00,GMOクリック証券,https://www.click-sec.com/corp/guide/cfd/lineup/,バラエティCFD,参照原資産：ハイレバレッジ型ETF、ETN,,中国ブル3倍ETF,YINN,Direxion FTSE 中国株ブル3倍ETF/NYSE ARCA,USD,0.01,,,,CFD価格 の1倍,月曜～金曜の 23：30～翌6：00 (米国夏時間 22：30～翌5：00),5倍,,,,なし,あり,あり,なし,1枚,「米国半導体ブル3倍ETF」、「米国半導体ベア3倍ETF」、「米国エネルギーブル2倍ETF」、「米国エネルギーベア2倍ETF」の権利調整額（分配金等）に対し、米国税制に基づき定められた源泉徴収税額が徴収されます。
2026-07-13T08:14:44+00:00,GMOクリック証券,https://www.click-sec.com/corp/guide/cfd/lineup/,バラエティCFD,参照原資産：ハイレバレッジ型ETF、ETN,,中国ベア3倍ETF,YANG,Direxion FTSE 中国株ベア3倍ETF/NYSE ARCA,USD,0.01,,,,CFD価格 の1倍,月曜～金曜の 23：30～翌6：00 (米国夏時間 22：30～翌5：00),5倍,,,,なし,あり,あり,なし,1枚,「米国半導体ブル3倍ETF」、「米国半導体ベア3倍ETF」、「米国エネルギーブル2倍ETF」、「米国エネルギーベア2倍ETF」の権利調整額（分配金等）に対し、米国税制に基づき定められた源泉徴収税額が徴収されます。
2026-07-13T08:14:44+00:00,GMOクリック証券,https://www.click-sec.com/corp/guide/cfd/lineup/,バラエティCFD,参照原資産：ハイレバレッジ型ETF、ETN,,金ブル2倍ETF,NUGT,Direxion デイリー 金鉱株ブル2倍ETF/NYSE ARCA,USD,0.01,,,,CFD価格 の1倍,月曜～金曜の 23：30～翌6：00 (米国夏時間 22：30～翌5：00),5倍,,,,なし,あり,あり,なし,1枚,「米国半導体ブル3倍ETF」、「米国半導体ベア3倍ETF」、「米国エネルギーブル2倍ETF」、「米国エネルギーベア2倍ETF」の権利調整額（分配金等）に対し、米国税制に基づき定められた源泉徴収税額が徴収されます。
2026-07-13T08:14:44+00:00,GMOクリック証券,https://www.click-sec.com/corp/guide/cfd/lineup/,バラエティCFD,参照原資産：ハイレバレッジ型ETF、ETN,,金ベア2倍ETF,DUST,Direxion デイリー 金鉱株ベア2倍ETF/NYSE ARCA,USD,0.01,,,,CFD価格 の1倍,月曜～金曜の 23：30～翌6：00 (米国夏時間 22：30～翌5：00),5倍,,,,なし,あり,あり,なし,1枚,「米国半導体ブル3倍ETF」、「米国半導体ベア3倍ETF」、「米国エネルギーブル2倍ETF」、「米国エネルギーベア2倍ETF」の権利調整額（分配金等）に対し、米国税制に基づき定められた源泉徴収税額が徴収されます。
2026-07-13T08:14:44+00:00,GMOクリック証券,https://www.click-sec.com/corp/guide/cfd/lineup/,バラエティCFD,参照原資産：ハイレバレッジ型ETF、ETN,,米国債20年ブル3倍ETF,TMF,Direxion デイリー米国債20年超ブル3倍ETF/NYSE ARCA,USD,0.01,,,,CFD価格 の1倍,月曜～金曜の 23：30～翌6：00 (米国夏時間 22：30～翌5：00),5倍,,,,なし,あり,あり,なし,1枚,「米国半導体ブル3倍ETF」、「米国半導体ベア3倍ETF」、「米国エネルギーブル2倍ETF」、「米国エネルギーベア2倍ETF」の権利調整額（分配金等）に対し、米国税制に基づき定められた源泉徴収税額が徴収されます。
2026-07-13T08:14:44+00:00,GMOクリック証券,https://www.click-sec.com/corp/guide/cfd/lineup/,バラエティCFD,参照原資産：ハイレバレッジ型ETF、ETN,,米国債20年ベア3倍ETF,TMV,Direxion デイリー米国債20年超ベア3倍ETF/NYSE ARCA,USD,0.01,,,,CFD価格 の1倍,月曜～金曜の 23：30～翌6：00 (米国夏時間 22：30～翌5：00),5倍,,,,なし,あり,あり,なし,1枚,「米国半導体ブル3倍ETF」、「米国半導体ベア3倍ETF」、「米国エネルギーブル2倍ETF」、「米国エネルギーベア2倍ETF」の権利調整額（分配金等）に対し、米国税制に基づき定められた源泉徴収税額が徴収されます。
2026-07-13T08:14:44+00:00,GMOクリック証券,https://www.click-sec.com/corp/guide/cfd/lineup/,バラエティCFD,参照原資産：REIT型ETF,,グローバル不動産ETF,RWO,ステート・ストリート・SPDR ダウ・ジョーンズ・グローバル不動産ETF/NYSE ARCA,USD,0.01,,,,CFD価格 の1倍,月曜～金曜の 23：30～翌6：00 (米国夏時間 22：30～翌5：00),5倍,,,,なし,あり,あり,なし,1枚,「グローバル（米国除く）不動産ETF」を除くREIT型ETFバラエティCFDの権利調整額（分配金等）に対し、米国税制に基づき定められた源泉徴収税額が徴収されます。
2026-07-13T08:14:44+00:00,GMOクリック証券,https://www.click-sec.com/corp/guide/cfd/lineup/,バラエティCFD,参照原資産：REIT型ETF,,グローバル（米国除く）不動産ETF,RWX,ステート・ストリート・SPDR ダウ・ジョーンズ・インターナショナル不動産ETF/NYSE ARCA,USD,0.01,,,,CFD価格 の1倍,月曜～金曜の 23：30～翌6：00 (米国夏時間 22：30～翌5：00),5倍,,,,なし,あり,あり,なし,1枚,「グローバル（米国除く）不動産ETF」を除くREIT型ETFバラエティCFDの権利調整額（分配金等）に対し、米国税制に基づき定められた源泉徴収税額が徴収されます。
2026-07-13T08:14:44+00:00,GMOクリック証券,https://www.click-sec.com/corp/guide/cfd/lineup/,バラエティCFD,参照原資産：REIT型ETF,,米国リートETF,VNQ,バンガード・REIT・ETF/NYSE ARCA,USD,0.01,,,,CFD価格 の1倍,月曜～金曜の 23：30～翌6：00 (米国夏時間 22：30～翌5：00),5倍,,,,なし,あり,あり,なし,1枚,「グローバル（米国除く）不動産ETF」を除くREIT型ETFバラエティCFDの権利調整額（分配金等）に対し、米国税制に基づき定められた源泉徴収税額が徴収されます。
2026-07-13T08:14:44+00:00,GMOクリック証券,https://www.click-sec.com/corp/guide/cfd/lineup/,バラエティCFD,参照原資産：REIT型ETF,,米国リート・不動産株ETF,IYR,iシェアーズ 米国不動産 ETF/NYSE ARCA,USD,0.01,,,,CFD価格 の1倍,月曜～金曜の 23：30～翌6：00 (米国夏時間 22：30～翌5：00),5倍,,,,なし,あり,あり,なし,1枚,「グローバル（米国除く）不動産ETF」を除くREIT型ETFバラエティCFDの権利調整額（分配金等）に対し、米国税制に基づき定められた源泉徴収税額が徴収されます。
2026-07-13T08:14:44+00:00,GMOクリック証券,https://www.click-sec.com/corp/guide/cfd/lineup/,バラエティCFD,参照原資産：REIT型ETF,,モーゲージ不動産ETF,REM,iシェアーズ・モーゲージ不動産ETF/CBOE(旧BATS）,USD,0.01,,,,CFD価格 の1倍,月曜～金曜の 23：30～翌6：00 (米国夏時間 22：30～翌5：00),5倍,,,,なし,あり,あり,なし,1枚,「グローバル（米国除く）不動産ETF」を除くREIT型ETFバラエティCFDの権利調整額（分配金等）に対し、米国税制に基づき定められた源泉徴収税額が徴収されます。
2026-07-13T08:14:44+00:00,GMOクリック証券,https://www.click-sec.com/corp/guide/cfd/lineup/,株式CFD,株式CFD,卸売・小売,Amazon （NASDAQ）,AMZN,,USD,0.01,,,,CFD価格の1倍,月曜～金曜の 23：30～翌6：00 (米国夏時間 22：30～翌5：00),5倍,,,,なし,あり,あり,なし,1枚,「アリババ」を除く米国株式CFDの権利調整額（配当金等）に対し、米国税制に基づき定められた源泉徴収税額が徴収されます。
2026-07-13T08:14:44+00:00,GMOクリック証券,https://www.click-sec.com/corp/guide/cfd/lineup/,株式CFD,株式CFD,卸売・小売,NIKE （NYSE）,NKE,,USD,0.01,,,,CFD価格の1倍,月曜～金曜の 23：30～翌6：00 (米国夏時間 22：30～翌5：00),5倍,,,,なし,あり,あり,なし,1枚,「アリババ」を除く米国株式CFDの権利調整額（配当金等）に対し、米国税制に基づき定められた源泉徴収税額が徴収されます。
2026-07-13T08:14:44+00:00,GMOクリック証券,https://www.click-sec.com/corp/guide/cfd/lineup/,株式CFD,株式CFD,卸売・小売,GAP （NYSE）,GPS,,USD,0.01,,,,CFD価格の1倍,月曜～金曜の 23：30～翌6：00 (米国夏時間 22：30～翌5：00),5倍,,,,なし,あり,あり,なし,1枚,「アリババ」を除く米国株式CFDの権利調整額（配当金等）に対し、米国税制に基づき定められた源泉徴収税額が徴収されます。
2026-07-13T08:14:44+00:00,GMOクリック証券,https://www.click-sec.com/corp/guide/cfd/lineup/,株式CFD,株式CFD,卸売・小売,ウォルマート （NASDAQ）,WMT,,USD,0.01,,,,CFD価格の1倍,月曜～金曜の 23：30～翌6：00 (米国夏時間 22：30～翌5：00),5倍,,,,なし,あり,あり,なし,1枚,「アリババ」を除く米国株式CFDの権利調整額（配当金等）に対し、米国税制に基づき定められた源泉徴収税額が徴収されます。
2026-07-13T08:14:44+00:00,GMOクリック証券,https://www.click-sec.com/corp/guide/cfd/lineup/,株式CFD,株式CFD,卸売・小売,P&G （NYSE）,PG,,USD,0.01,,,,CFD価格の1倍,月曜～金曜の 23：30～翌6：00 (米国夏時間 22：30～翌5：00),5倍,,,,なし,あり,あり,なし,1枚,「アリババ」を除く米国株式CFDの権利調整額（配当金等）に対し、米国税制に基づき定められた源泉徴収税額が徴収されます。
2026-07-13T08:14:44+00:00,GMOクリック証券,https://www.click-sec.com/corp/guide/cfd/lineup/,株式CFD,株式CFD,卸売・小売,ペプシ （NASDAQ）,PEP,,USD,0.01,,,,CFD価格の1倍,月曜～金曜の 23：30～翌6：00 (米国夏時間 22：30～翌5：00),5倍,,,,なし,あり,あり,なし,1枚,「アリババ」を除く米国株式CFDの権利調整額（配当金等）に対し、米国税制に基づき定められた源泉徴収税額が徴収されます。
2026-07-13T08:14:44+00:00,GMOクリック証券,https://www.click-sec.com/corp/guide/cfd/lineup/,株式CFD,株式CFD,卸売・小売,コストコ・ホールセール （NASDAQ）,COST,,USD,0.01,,,,CFD価格の1倍,月曜～金曜の 23：30～翌6：00 (米国夏時間 22：30～翌5：00),5倍,,,,なし,あり,あり,なし,1枚,「アリババ」を除く米国株式CFDの権利調整額（配当金等）に対し、米国税制に基づき定められた源泉徴収税額が徴収されます。
2026-07-13T08:14:44+00:00,GMOクリック証券,https://www.click-sec.com/corp/guide/cfd/lineup/,株式CFD,株式CFD,卸売・小売,イーベイ （NASDAQ）,EBAY,,USD,0.01,,,,CFD価格の1倍,月曜～金曜の 23：30～翌6：00 (米国夏時間 22：30～翌5：00),5倍,,,,なし,あり,あり,なし,1枚,「アリババ」を除く米国株式CFDの権利調整額（配当金等）に対し、米国税制に基づき定められた源泉徴収税額が徴収されます。
2026-07-13T08:14:44+00:00,GMOクリック証券,https://www.click-sec.com/corp/guide/cfd/lineup/,株式CFD,株式CFD,卸売・小売,ホーム・デポ （NYSE）,HD,,USD,0.01,,,,CFD価格の1倍,月曜～金曜の 23：30～翌6：00 (米国夏時間 22：30～翌5：00),5倍,,,,なし,あり,あり,なし,1枚,「アリババ」を除く米国株式CFDの権利調整額（配当金等）に対し、米国税制に基づき定められた源泉徴収税額が徴収されます。
2026-07-13T08:14:44+00:00,GMOクリック証券,https://www.click-sec.com/corp/guide/cfd/lineup/,株式CFD,株式CFD,電気機器・ 機械,GE エアロスペース（旧ゼネラル・エレクトリック） （NYSE）,GE,,USD,0.01,,,,CFD価格の1倍,月曜～金曜の 23：30～翌6：00 (米国夏時間 22：30～翌5：00),5倍,,,,なし,あり,あり,なし,1枚,「アリババ」を除く米国株式CFDの権利調整額（配当金等）に対し、米国税制に基づき定められた源泉徴収税額が徴収されます。
2026-07-13T08:14:44+00:00,GMOクリック証券,https://www.click-sec.com/corp/guide/cfd/lineup/,株式CFD,株式CFD,電気機器・ 機械,3M （NYSE）,MMM,,USD,0.01,,,,CFD価格の1倍,月曜～金曜の 23：30～翌6：00 (米国夏時間 22：30～翌5：00),5倍,,,,なし,あり,あり,なし,1枚,「アリババ」を除く米国株式CFDの権利調整額（配当金等）に対し、米国税制に基づき定められた源泉徴収税額が徴収されます。
2026-07-13T08:14:44+00:00,GMOクリック証券,https://www.click-sec.com/corp/guide/cfd/lineup/,株式CFD,株式CFD,電気機器・ 機械,キャタピラー （NYSE）,CAT,,USD,0.01,,,,CFD価格の1倍,月曜～金曜の 23：30～翌6：00 (米国夏時間 22：30～翌5：00),5倍,,,,なし,あり,あり,なし,1枚,「アリババ」を除く米国株式CFDの権利調整額（配当金等）に対し、米国税制に基づき定められた源泉徴収税額が徴収されます。
2026-07-13T08:14:44+00:00,GMOクリック証券,https://www.click-sec.com/corp/guide/cfd/lineup/,株式CFD,株式CFD,電気機器・ 機械,Apple （NASDAQ）,AAPL,,USD,0.01,,,,CFD価格の1倍,月曜～金曜の 23：30～翌6：00 (米国夏時間 22：30～翌5：00),5倍,,,,なし,あり,あり,なし,1枚,「アリババ」を除く米国株式CFDの権利調整額（配当金等）に対し、米国税制に基づき定められた源泉徴収税額が徴収されます。
2026-07-13T08:14:44+00:00,GMOクリック証券,https://www.click-sec.com/corp/guide/cfd/lineup/,株式CFD,株式CFD,電気機器・ 機械,IBM （NYSE）,IBM,,USD,0.01,,,,CFD価格の1倍,月曜～金曜の 23：30～翌6：00 (米国夏時間 22：30～翌5：00),5倍,,,,なし,あり,あり,なし,1枚,「アリババ」を除く米国株式CFDの権利調整額（配当金等）に対し、米国税制に基づき定められた源泉徴収税額が徴収されます。
2026-07-13T08:14:44+00:00,GMOクリック証券,https://www.click-sec.com/corp/guide/cfd/lineup/,株式CFD,株式CFD,電気機器・ 機械,インテル （NASDAQ）,INTC,,USD,0.01,,,,CFD価格の1倍,月曜～金曜の 23：30～翌6：00 (米国夏時間 22：30～翌5：00),5倍,,,,なし,あり,あり,なし,1枚,「アリババ」を除く米国株式CFDの権利調整額（配当金等）に対し、米国税制に基づき定められた源泉徴収税額が徴収されます。
2026-07-13T08:14:44+00:00,GMOクリック証券,https://www.click-sec.com/corp/guide/cfd/lineup/,株式CFD,株式CFD,電気機器・ 機械,HP （NYSE）,HPQ,,USD,0.01,,,,CFD価格の1倍,月曜～金曜の 23：30～翌6：00 (米国夏時間 22：30～翌5：00),5倍,,,,なし,あり,あり,なし,1枚,「アリババ」を除く米国株式CFDの権利調整額（配当金等）に対し、米国税制に基づき定められた源泉徴収税額が徴収されます。
2026-07-13T08:14:44+00:00,GMOクリック証券,https://www.click-sec.com/corp/guide/cfd/lineup/,株式CFD,株式CFD,電気機器・ 機械,シスコシステムズ （NASDAQ）,CSCO,,USD,0.01,,,,CFD価格の1倍,月曜～金曜の 23：30～翌6：00 (米国夏時間 22：30～翌5：00),5倍,,,,なし,あり,あり,なし,1枚,「アリババ」を除く米国株式CFDの権利調整額（配当金等）に対し、米国税制に基づき定められた源泉徴収税額が徴収されます。
2026-07-13T08:14:44+00:00,GMOクリック証券,https://www.click-sec.com/corp/guide/cfd/lineup/,株式CFD,株式CFD,電気機器・ 機械,NVIDIA （NASDAQ）,NVDA,,USD,0.01,,,,CFD価格の1倍,月曜～金曜の 23：30～翌6：00 (米国夏時間 22：30～翌5：00),5倍,,,,なし,あり,あり,なし,1枚,「アリババ」を除く米国株式CFDの権利調整額（配当金等）に対し、米国税制に基づき定められた源泉徴収税額が徴収されます。
2026-07-13T08:14:44+00:00,GMOクリック証券,https://www.click-sec.com/corp/guide/cfd/lineup/,株式CFD,株式CFD,電気機器・ 機械,AMD （NASDAQ）,AMD,,USD,0.01,,,,CFD価格の1倍,月曜～金曜の 23：30～翌6：00 (米国夏時間 22：30～翌5：00),5倍,,,,なし,あり,あり,なし,1枚,「アリババ」を除く米国株式CFDの権利調整額（配当金等）に対し、米国税制に基づき定められた源泉徴収税額が徴収されます。
2026-07-13T08:14:44+00:00,GMOクリック証券,https://www.click-sec.com/corp/guide/cfd/lineup/,株式CFD,株式CFD,電気機器・ 機械,クアルコム （NASDAQ）,QCOM,,USD,0.01,,,,CFD価格の1倍,月曜～金曜の 23：30～翌6：00 (米国夏時間 22：30～翌5：00),5倍,,,,なし,あり,あり,なし,1枚,「アリババ」を除く米国株式CFDの権利調整額（配当金等）に対し、米国税制に基づき定められた源泉徴収税額が徴収されます。
2026-07-13T08:14:44+00:00,GMOクリック証券,https://www.click-sec.com/corp/guide/cfd/lineup/,株式CFD,株式CFD,電気機器・ 機械,アプライド・マテリアルズ （NASDAQ）,AMAT,,USD,0.01,,,,CFD価格の1倍,月曜～金曜の 23：30～翌6：00 (米国夏時間 22：30～翌5：00),5倍,,,,なし,あり,あり,なし,1枚,「アリババ」を除く米国株式CFDの権利調整額（配当金等）に対し、米国税制に基づき定められた源泉徴収税額が徴収されます。
2026-07-13T08:14:44+00:00,GMOクリック証券,https://www.click-sec.com/corp/guide/cfd/lineup/,株式CFD,株式CFD,電気機器・ 機械,テキサス・インスツルメンツ （NASDAQ）,TXN,,USD,0.01,,,,CFD価格の1倍,月曜～金曜の 23：30～翌6：00 (米国夏時間 22：30～翌5：00),5倍,,,,なし,あり,あり,なし,1枚,「アリババ」を除く米国株式CFDの権利調整額（配当金等）に対し、米国税制に基づき定められた源泉徴収税額が徴収されます。
2026-07-13T08:14:44+00:00,GMOクリック証券,https://www.click-sec.com/corp/guide/cfd/lineup/,株式CFD,株式CFD,電気機器・ 機械,ラムリサーチ （NASDAQ）,LRCX,,USD,0.01,,,,CFD価格の1倍,月曜～金曜の 23：30～翌6：00 (米国夏時間 22：30～翌5：00),5倍,,,,なし,あり,あり,なし,1枚,「アリババ」を除く米国株式CFDの権利調整額（配当金等）に対し、米国税制に基づき定められた源泉徴収税額が徴収されます。
2026-07-13T08:14:44+00:00,GMOクリック証券,https://www.click-sec.com/corp/guide/cfd/lineup/,株式CFD,株式CFD,電気機器・ 機械,テラダイン （NASDAQ）,TER,,USD,0.01,,,,CFD価格の1倍,月曜～金曜の 23：30～翌6：00 (米国夏時間 22：30～翌5：00),5倍,,,,なし,あり,あり,なし,1枚,「アリババ」を除く米国株式CFDの権利調整額（配当金等）に対し、米国税制に基づき定められた源泉徴収税額が徴収されます。
2026-07-13T08:14:44+00:00,GMOクリック証券,https://www.click-sec.com/corp/guide/cfd/lineup/,株式CFD,株式CFD,電気機器・ 機械,スカイワークスソリューションズ （NASDAQ）,SWKS,,USD,0.01,,,,CFD価格の1倍,月曜～金曜の 23：30～翌6：00 (米国夏時間 22：30～翌5：00),5倍,,,,なし,あり,あり,なし,1枚,「アリババ」を除く米国株式CFDの権利調整額（配当金等）に対し、米国税制に基づき定められた源泉徴収税額が徴収されます。
2026-07-13T08:14:44+00:00,GMOクリック証券,https://www.click-sec.com/corp/guide/cfd/lineup/,株式CFD,株式CFD,銀行・証券・保険・その他金融,バンク・オブ・アメリカ （NYSE）,BAC,,USD,0.01,,,,CFD価格の1倍,月曜～金曜の 23：30～翌6：00 (米国夏時間 22：30～翌5：00),5倍,,,,なし,あり,あり,なし,1枚,「アリババ」を除く米国株式CFDの権利調整額（配当金等）に対し、米国税制に基づき定められた源泉徴収税額が徴収されます。
2026-07-13T08:14:44+00:00,GMOクリック証券,https://www.click-sec.com/corp/guide/cfd/lineup/,株式CFD,株式CFD,銀行・証券・保険・その他金融,シティグループ （NYSE）,C,,USD,0.01,,,,CFD価格の1倍,月曜～金曜の 23：30～翌6：00 (米国夏時間 22：30～翌5：00),5倍,,,,なし,あり,あり,なし,1枚,「アリババ」を除く米国株式CFDの権利調整額（配当金等）に対し、米国税制に基づき定められた源泉徴収税額が徴収されます。
2026-07-13T08:14:44+00:00,GMOクリック証券,https://www.click-sec.com/corp/guide/cfd/lineup/,株式CFD,株式CFD,銀行・証券・保険・その他金融,バークシャー・ハサウェイ （NYSE）,BRK B,,USD,0.01,,,,CFD価格の1倍,月曜～金曜の 23：30～翌6：00 (米国夏時間 22：30～翌5：00),5倍,,,,なし,あり,あり,なし,1枚,「アリババ」を除く米国株式CFDの権利調整額（配当金等）に対し、米国税制に基づき定められた源泉徴収税額が徴収されます。
2026-07-13T08:14:44+00:00,GMOクリック証券,https://www.click-sec.com/corp/guide/cfd/lineup/,株式CFD,株式CFD,銀行・証券・保険・その他金融,アメリカン・エキスプレス （NYSE）,AXP,,USD,0.01,,,,CFD価格の1倍,月曜～金曜の 23：30～翌6：00 (米国夏時間 22：30～翌5：00),5倍,,,,なし,あり,あり,なし,1枚,「アリババ」を除く米国株式CFDの権利調整額（配当金等）に対し、米国税制に基づき定められた源泉徴収税額が徴収されます。
2026-07-13T08:14:44+00:00,GMOクリック証券,https://www.click-sec.com/corp/guide/cfd/lineup/,株式CFD,株式CFD,銀行・証券・保険・その他金融,ゴールドマン・サックス・グループ （NYSE）,GS,,USD,0.01,,,,CFD価格の1倍,月曜～金曜の 23：30～翌6：00 (米国夏時間 22：30～翌5：00),5倍,,,,なし,あり,あり,なし,1枚,「アリババ」を除く米国株式CFDの権利調整額（配当金等）に対し、米国税制に基づき定められた源泉徴収税額が徴収されます。
2026-07-13T08:14:44+00:00,GMOクリック証券,https://www.click-sec.com/corp/guide/cfd/lineup/,株式CFD,株式CFD,銀行・証券・保険・その他金融,モルガン・スタンレー （NYSE）,MS,,USD,0.01,,,,CFD価格の1倍,月曜～金曜の 23：30～翌6：00 (米国夏時間 22：30～翌5：00),5倍,,,,なし,あり,あり,なし,1枚,「アリババ」を除く米国株式CFDの権利調整額（配当金等）に対し、米国税制に基づき定められた源泉徴収税額が徴収されます。
2026-07-13T08:14:44+00:00,GMOクリック証券,https://www.click-sec.com/corp/guide/cfd/lineup/,株式CFD,株式CFD,銀行・証券・保険・その他金融,Visa （NYSE）,V,,USD,0.01,,,,CFD価格の1倍,月曜～金曜の 23：30～翌6：00 (米国夏時間 22：30～翌5：00),5倍,,,,なし,あり,あり,なし,1枚,「アリババ」を除く米国株式CFDの権利調整額（配当金等）に対し、米国税制に基づき定められた源泉徴収税額が徴収されます。
2026-07-13T08:14:44+00:00,GMOクリック証券,https://www.click-sec.com/corp/guide/cfd/lineup/,株式CFD,株式CFD,銀行・証券・保険・その他金融,アフラック （NYSE）,AFL,,USD,0.01,,,,CFD価格の1倍,月曜～金曜の 23：30～翌6：00 (米国夏時間 22：30～翌5：00),5倍,,,,なし,あり,あり,なし,1枚,「アリババ」を除く米国株式CFDの権利調整額（配当金等）に対し、米国税制に基づき定められた源泉徴収税額が徴収されます。
2026-07-13T08:14:44+00:00,GMOクリック証券,https://www.click-sec.com/corp/guide/cfd/lineup/,株式CFD,株式CFD,銀行・証券・保険・その他金融,JPモルガン・チェース （NYSE）,JPM,,USD,0.01,,,,CFD価格の1倍,月曜～金曜の 23：30～翌6：00 (米国夏時間 22：30～翌5：00),5倍,,,,なし,あり,あり,なし,1枚,「アリババ」を除く米国株式CFDの権利調整額（配当金等）に対し、米国税制に基づき定められた源泉徴収税額が徴収されます。
2026-07-13T08:14:44+00:00,GMOクリック証券,https://www.click-sec.com/corp/guide/cfd/lineup/,株式CFD,株式CFD,銀行・証券・保険・その他金融,ユナイテッドヘルス・グループ （NYSE）,UNH,,USD,0.01,,,,CFD価格の1倍,月曜～金曜の 23：30～翌6：00 (米国夏時間 22：30～翌5：00),5倍,,,,なし,あり,あり,なし,1枚,「アリババ」を除く米国株式CFDの権利調整額（配当金等）に対し、米国税制に基づき定められた源泉徴収税額が徴収されます。
2026-07-13T08:14:44+00:00,GMOクリック証券,https://www.click-sec.com/corp/guide/cfd/lineup/,株式CFD,株式CFD,銀行・証券・保険・その他金融,コインベース （NASDAQ）,COIN,,USD,0.01,,,,CFD価格の1倍,月曜～金曜の 23：30～翌6：00 (米国夏時間 22：30～翌5：00),5倍,,,,なし,あり,あり,なし,1枚,「アリババ」を除く米国株式CFDの権利調整額（配当金等）に対し、米国税制に基づき定められた源泉徴収税額が徴収されます。
2026-07-13T08:14:44+00:00,GMOクリック証券,https://www.click-sec.com/corp/guide/cfd/lineup/,株式CFD,株式CFD,銀行・証券・保険・その他金融,Travelers （NYSE）,TRV,,USD,0.01,,,,CFD価格の1倍,月曜～金曜の 23：30～翌6：00 (米国夏時間 22：30～翌5：00),5倍,,,,なし,あり,あり,なし,1枚,「アリババ」を除く米国株式CFDの権利調整額（配当金等）に対し、米国税制に基づき定められた源泉徴収税額が徴収されます。
2026-07-13T08:14:44+00:00,GMOクリック証券,https://www.click-sec.com/corp/guide/cfd/lineup/,株式CFD,株式CFD,農林水産・食料品,マクドナルド （NYSE）,MCD,,USD,0.01,,,,CFD価格の1倍,月曜～金曜の 23：30～翌6：00 (米国夏時間 22：30～翌5：00),5倍,,,,なし,あり,あり,なし,1枚,「アリババ」を除く米国株式CFDの権利調整額（配当金等）に対し、米国税制に基づき定められた源泉徴収税額が徴収されます。
2026-07-13T08:14:44+00:00,GMOクリック証券,https://www.click-sec.com/corp/guide/cfd/lineup/,株式CFD,株式CFD,農林水産・食料品,スターバックス （NASDAQ）,SBUX,,USD,0.01,,,,CFD価格の1倍,月曜～金曜の 23：30～翌6：00 (米国夏時間 22：30～翌5：00),5倍,,,,なし,あり,あり,なし,1枚,「アリババ」を除く米国株式CFDの権利調整額（配当金等）に対し、米国税制に基づき定められた源泉徴収税額が徴収されます。
2026-07-13T08:14:44+00:00,GMOクリック証券,https://www.click-sec.com/corp/guide/cfd/lineup/,株式CFD,株式CFD,農林水産・食料品,コカ・コーラ （NYSE）,KO,,USD,0.01,,,,CFD価格の1倍,月曜～金曜の 23：30～翌6：00 (米国夏時間 22：30～翌5：00),5倍,,,,なし,あり,あり,なし,1枚,「アリババ」を除く米国株式CFDの権利調整額（配当金等）に対し、米国税制に基づき定められた源泉徴収税額が徴収されます。
2026-07-13T08:14:44+00:00,GMOクリック証券,https://www.click-sec.com/corp/guide/cfd/lineup/,株式CFD,株式CFD,情報・通信・サービス,アリババ （NYSE）,BABA,,USD,0.01,,,,CFD価格の1倍,月曜～金曜の 23：30～翌6：00 (米国夏時間 22：30～翌5：00),5倍,,,,なし,あり,あり,なし,1枚,「アリババ」を除く米国株式CFDの権利調整額（配当金等）に対し、米国税制に基づき定められた源泉徴収税額が徴収されます。
2026-07-13T08:14:44+00:00,GMOクリック証券,https://www.click-sec.com/corp/guide/cfd/lineup/,株式CFD,株式CFD,情報・通信・サービス,ウォルト・ディズニー （NYSE）,DIS,,USD,0.01,,,,CFD価格の1倍,月曜～金曜の 23：30～翌6：00 (米国夏時間 22：30～翌5：00),5倍,,,,なし,あり,あり,なし,1枚,「アリババ」を除く米国株式CFDの権利調整額（配当金等）に対し、米国税制に基づき定められた源泉徴収税額が徴収されます。
2026-07-13T08:14:44+00:00,GMOクリック証券,https://www.click-sec.com/corp/guide/cfd/lineup/,株式CFD,株式CFD,情報・通信・サービス,ジョンソン・エンド・ジョンソン （NYSE）,JNJ,,USD,0.01,,,,CFD価格の1倍,月曜～金曜の 23：30～翌6：00 (米国夏時間 22：30～翌5：00),5倍,,,,なし,あり,あり,なし,1枚,「アリババ」を除く米国株式CFDの権利調整額（配当金等）に対し、米国税制に基づき定められた源泉徴収税額が徴収されます。
2026-07-13T08:14:44+00:00,GMOクリック証券,https://www.click-sec.com/corp/guide/cfd/lineup/,株式CFD,株式CFD,情報・通信・サービス,Alphabet（旧Google） （NASDAQ）,GOOGL,,USD,0.01,,,,CFD価格の1倍,月曜～金曜の 23：30～翌6：00 (米国夏時間 22：30～翌5：00),5倍,,,,なし,あり,あり,なし,1枚,「アリババ」を除く米国株式CFDの権利調整額（配当金等）に対し、米国税制に基づき定められた源泉徴収税額が徴収されます。
2026-07-13T08:14:44+00:00,GMOクリック証券,https://www.click-sec.com/corp/guide/cfd/lineup/,株式CFD,株式CFD,情報・通信・サービス,マイクロソフト （NASDAQ）,MSFT,,USD,0.01,,,,CFD価格の1倍,月曜～金曜の 23：30～翌6：00 (米国夏時間 22：30～翌5：00),5倍,,,,なし,あり,あり,なし,1枚,「アリババ」を除く米国株式CFDの権利調整額（配当金等）に対し、米国税制に基づき定められた源泉徴収税額が徴収されます。
2026-07-13T08:14:44+00:00,GMOクリック証券,https://www.click-sec.com/corp/guide/cfd/lineup/,株式CFD,株式CFD,情報・通信・サービス,オラクル （NYSE）,ORCL,,USD,0.01,,,,CFD価格の1倍,月曜～金曜の 23：30～翌6：00 (米国夏時間 22：30～翌5：00),5倍,,,,なし,あり,あり,なし,1枚,「アリババ」を除く米国株式CFDの権利調整額（配当金等）に対し、米国税制に基づき定められた源泉徴収税額が徴収されます。
2026-07-13T08:14:44+00:00,GMOクリック証券,https://www.click-sec.com/corp/guide/cfd/lineup/,株式CFD,株式CFD,情報・通信・サービス,Meta Platforms(旧Facebook) （NASDAQ）,META,,USD,0.01,,,,CFD価格の1倍,月曜～金曜の 23：30～翌6：00 (米国夏時間 22：30～翌5：00),5倍,,,,なし,あり,あり,なし,1枚,「アリババ」を除く米国株式CFDの権利調整額（配当金等）に対し、米国税制に基づき定められた源泉徴収税額が徴収されます。
2026-07-13T08:14:44+00:00,GMOクリック証券,https://www.click-sec.com/corp/guide/cfd/lineup/,株式CFD,株式CFD,情報・通信・サービス,アドビ・システムズ （NASDAQ）,ADBE,,USD,0.01,,,,CFD価格の1倍,月曜～金曜の 23：30～翌6：00 (米国夏時間 22：30～翌5：00),5倍,,,,なし,あり,あり,なし,1枚,「アリババ」を除く米国株式CFDの権利調整額（配当金等）に対し、米国税制に基づき定められた源泉徴収税額が徴収されます。
2026-07-13T08:14:44+00:00,GMOクリック証券,https://www.click-sec.com/corp/guide/cfd/lineup/,株式CFD,株式CFD,情報・通信・サービス,ネットフリックス （NASDAQ）,NFLX,,USD,0.01,,,,CFD価格の1倍,月曜～金曜の 23：30～翌6：00 (米国夏時間 22：30～翌5：00),5倍,,,,なし,あり,あり,なし,1枚,「アリババ」を除く米国株式CFDの権利調整額（配当金等）に対し、米国税制に基づき定められた源泉徴収税額が徴収されます。
2026-07-13T08:14:44+00:00,GMOクリック証券,https://www.click-sec.com/corp/guide/cfd/lineup/,株式CFD,株式CFD,情報・通信・サービス,アカマイ・テクノロジーズ （NASDAQ）,AKAM,,USD,0.01,,,,CFD価格の1倍,月曜～金曜の 23：30～翌6：00 (米国夏時間 22：30～翌5：00),5倍,,,,なし,あり,あり,なし,1枚,「アリババ」を除く米国株式CFDの権利調整額（配当金等）に対し、米国税制に基づき定められた源泉徴収税額が徴収されます。
2026-07-13T08:14:44+00:00,GMOクリック証券,https://www.click-sec.com/corp/guide/cfd/lineup/,株式CFD,株式CFD,情報・通信・サービス,Tモバイル （NASDAQ）,TMUS,,USD,0.01,,,,CFD価格の1倍,月曜～金曜の 23：30～翌6：00 (米国夏時間 22：30～翌5：00),5倍,,,,なし,あり,あり,なし,1枚,「アリババ」を除く米国株式CFDの権利調整額（配当金等）に対し、米国税制に基づき定められた源泉徴収税額が徴収されます。
2026-07-13T08:14:44+00:00,GMOクリック証券,https://www.click-sec.com/corp/guide/cfd/lineup/,株式CFD,株式CFD,情報・通信・サービス,AT&T （NYSE）,T,,USD,0.01,,,,CFD価格の1倍,月曜～金曜の 23：30～翌6：00 (米国夏時間 22：30～翌5：00),5倍,,,,なし,あり,あり,なし,1枚,「アリババ」を除く米国株式CFDの権利調整額（配当金等）に対し、米国税制に基づき定められた源泉徴収税額が徴収されます。
2026-07-13T08:14:44+00:00,GMOクリック証券,https://www.click-sec.com/corp/guide/cfd/lineup/,株式CFD,株式CFD,情報・通信・サービス,ベライゾン・コミュニケーションズ （NYSE）,VZ,,USD,0.01,,,,CFD価格の1倍,月曜～金曜の 23：30～翌6：00 (米国夏時間 22：30～翌5：00),5倍,,,,なし,あり,あり,なし,1枚,「アリババ」を除く米国株式CFDの権利調整額（配当金等）に対し、米国税制に基づき定められた源泉徴収税額が徴収されます。
2026-07-13T08:14:44+00:00,GMOクリック証券,https://www.click-sec.com/corp/guide/cfd/lineup/,株式CFD,株式CFD,情報・通信・サービス,Groupon （NASDAQ）,GRPN,,USD,0.01,,,,CFD価格の1倍,月曜～金曜の 23：30～翌6：00 (米国夏時間 22：30～翌5：00),5倍,,,,なし,あり,あり,なし,1枚,「アリババ」を除く米国株式CFDの権利調整額（配当金等）に対し、米国税制に基づき定められた源泉徴収税額が徴収されます。
2026-07-13T08:14:44+00:00,GMOクリック証券,https://www.click-sec.com/corp/guide/cfd/lineup/,株式CFD,株式CFD,情報・通信・サービス,ブロック(旧スクエア) （NYSE）,SQ,,USD,0.01,,,,CFD価格の1倍,月曜～金曜の 23：30～翌6：00 (米国夏時間 22：30～翌5：00),5倍,,,,なし,あり,あり,なし,1枚,「アリババ」を除く米国株式CFDの権利調整額（配当金等）に対し、米国税制に基づき定められた源泉徴収税額が徴収されます。
2026-07-13T08:14:44+00:00,GMOクリック証券,https://www.click-sec.com/corp/guide/cfd/lineup/,株式CFD,株式CFD,情報・通信・サービス,ペイパル （NASDAQ）,PYPL,,USD,0.01,,,,CFD価格の1倍,月曜～金曜の 23：30～翌6：00 (米国夏時間 22：30～翌5：00),5倍,,,,なし,あり,あり,なし,1枚,「アリババ」を除く米国株式CFDの権利調整額（配当金等）に対し、米国税制に基づき定められた源泉徴収税額が徴収されます。
2026-07-13T08:14:44+00:00,GMOクリック証券,https://www.click-sec.com/corp/guide/cfd/lineup/,株式CFD,株式CFD,情報・通信・サービス,ストラテジー（旧ﾏｲｸﾛｽﾄﾗﾃｼﾞｰ） （NASDAQ）,MSTR,,USD,0.01,,,,CFD価格の1倍,月曜～金曜の 23：30～翌6：00 (米国夏時間 22：30～翌5：00),5倍,,,,なし,あり,あり,なし,1枚,「アリババ」を除く米国株式CFDの権利調整額（配当金等）に対し、米国税制に基づき定められた源泉徴収税額が徴収されます。
2026-07-13T08:14:44+00:00,GMOクリック証券,https://www.click-sec.com/corp/guide/cfd/lineup/,株式CFD,株式CFD,情報・通信・サービス,セールスフォース （NYSE）,CRM,,USD,0.01,,,,CFD価格の1倍,月曜～金曜の 23：30～翌6：00 (米国夏時間 22：30～翌5：00),5倍,,,,なし,あり,あり,なし,1枚,「アリババ」を除く米国株式CFDの権利調整額（配当金等）に対し、米国税制に基づき定められた源泉徴収税額が徴収されます。
2026-07-13T08:14:44+00:00,GMOクリック証券,https://www.click-sec.com/corp/guide/cfd/lineup/,株式CFD,株式CFD,電気・ガス・石油,エクソン・モービル （NYSE）,XOM,,USD,0.01,,,,CFD価格の1倍,月曜～金曜の 23：30～翌6：00 (米国夏時間 22：30～翌5：00),5倍,,,,なし,あり,あり,なし,1枚,「アリババ」を除く米国株式CFDの権利調整額（配当金等）に対し、米国税制に基づき定められた源泉徴収税額が徴収されます。
2026-07-13T08:14:44+00:00,GMOクリック証券,https://www.click-sec.com/corp/guide/cfd/lineup/,株式CFD,株式CFD,電気・ガス・石油,ハリバートン （NYSE）,HAL,,USD,0.01,,,,CFD価格の1倍,月曜～金曜の 23：30～翌6：00 (米国夏時間 22：30～翌5：00),5倍,,,,なし,あり,あり,なし,1枚,「アリババ」を除く米国株式CFDの権利調整額（配当金等）に対し、米国税制に基づき定められた源泉徴収税額が徴収されます。
2026-07-13T08:14:44+00:00,GMOクリック証券,https://www.click-sec.com/corp/guide/cfd/lineup/,株式CFD,株式CFD,電気・ガス・石油,シェブロン （NYSE）,CVX,,USD,0.01,,,,CFD価格の1倍,月曜～金曜の 23：30～翌6：00 (米国夏時間 22：30～翌5：00),5倍,,,,なし,あり,あり,なし,1枚,「アリババ」を除く米国株式CFDの権利調整額（配当金等）に対し、米国税制に基づき定められた源泉徴収税額が徴収されます。
2026-07-13T08:14:44+00:00,GMOクリック証券,https://www.click-sec.com/corp/guide/cfd/lineup/,株式CFD,株式CFD,化学・化粧品・医薬品,ファイザー （NYSE）,PFE,,USD,0.01,,,,CFD価格の1倍,月曜～金曜の 23：30～翌6：00 (米国夏時間 22：30～翌5：00),5倍,,,,なし,あり,あり,なし,1枚,「アリババ」を除く米国株式CFDの権利調整額（配当金等）に対し、米国税制に基づき定められた源泉徴収税額が徴収されます。
2026-07-13T08:14:44+00:00,GMOクリック証券,https://www.click-sec.com/corp/guide/cfd/lineup/,株式CFD,株式CFD,化学・化粧品・医薬品,メルク （NYSE）,MRK,,USD,0.01,,,,CFD価格の1倍,月曜～金曜の 23：30～翌6：00 (米国夏時間 22：30～翌5：00),5倍,,,,なし,あり,あり,なし,1枚,「アリババ」を除く米国株式CFDの権利調整額（配当金等）に対し、米国税制に基づき定められた源泉徴収税額が徴収されます。
2026-07-13T08:14:44+00:00,GMOクリック証券,https://www.click-sec.com/corp/guide/cfd/lineup/,株式CFD,株式CFD,化学・化粧品・医薬品,デュポン （NYSE）,DD,,USD,0.01,,,,CFD価格の1倍,月曜～金曜の 23：30～翌6：00 (米国夏時間 22：30～翌5：00),5倍,,,,なし,あり,あり,なし,1枚,「アリババ」を除く米国株式CFDの権利調整額（配当金等）に対し、米国税制に基づき定められた源泉徴収税額が徴収されます。
2026-07-13T08:14:44+00:00,GMOクリック証券,https://www.click-sec.com/corp/guide/cfd/lineup/,株式CFD,株式CFD,化学・化粧品・医薬品,アムジェン （NASDAQ）,AMGN,,USD,0.01,,,,CFD価格の1倍,月曜～金曜の 23：30～翌6：00 (米国夏時間 22：30～翌5：00),5倍,,,,なし,あり,あり,なし,1枚,「アリババ」を除く米国株式CFDの権利調整額（配当金等）に対し、米国税制に基づき定められた源泉徴収税額が徴収されます。
2026-07-13T08:14:44+00:00,GMOクリック証券,https://www.click-sec.com/corp/guide/cfd/lineup/,株式CFD,株式CFD,化学・化粧品・医薬品,ダウケミカル （NASDAQ）,DOW,,USD,0.01,,,,CFD価格の1倍,月曜～金曜の 23：30～翌6：00 (米国夏時間 22：30～翌5：00),5倍,,,,なし,あり,あり,なし,1枚,「アリババ」を除く米国株式CFDの権利調整額（配当金等）に対し、米国税制に基づき定められた源泉徴収税額が徴収されます。
2026-07-13T08:14:44+00:00,GMOクリック証券,https://www.click-sec.com/corp/guide/cfd/lineup/,株式CFD,株式CFD,陸海空運・倉庫,デルタ航空 （NYSE）,DAL,,USD,0.01,,,,CFD価格の1倍,月曜～金曜の 23：30～翌6：00 (米国夏時間 22：30～翌5：00),5倍,,,,なし,あり,あり,なし,1枚,「アリババ」を除く米国株式CFDの権利調整額（配当金等）に対し、米国税制に基づき定められた源泉徴収税額が徴収されます。
2026-07-13T08:14:44+00:00,GMOクリック証券,https://www.click-sec.com/corp/guide/cfd/lineup/,株式CFD,株式CFD,自動車・造船・輸送機,フォード・モーター （NYSE）,F,,USD,0.01,,,,CFD価格の1倍,月曜～金曜の 23：30～翌6：00 (米国夏時間 22：30～翌5：00),5倍,,,,なし,あり,あり,なし,1枚,「アリババ」を除く米国株式CFDの権利調整額（配当金等）に対し、米国税制に基づき定められた源泉徴収税額が徴収されます。
2026-07-13T08:14:44+00:00,GMOクリック証券,https://www.click-sec.com/corp/guide/cfd/lineup/,株式CFD,株式CFD,自動車・造船・輸送機,GM （NYSE）,GM,,USD,0.01,,,,CFD価格の1倍,月曜～金曜の 23：30～翌6：00 (米国夏時間 22：30～翌5：00),5倍,,,,なし,あり,あり,なし,1枚,「アリババ」を除く米国株式CFDの権利調整額（配当金等）に対し、米国税制に基づき定められた源泉徴収税額が徴収されます。
2026-07-13T08:14:44+00:00,GMOクリック証券,https://www.click-sec.com/corp/guide/cfd/lineup/,株式CFD,株式CFD,自動車・造船・輸送機,テスラ （NASDAQ）,TSLA,,USD,0.01,,,,CFD価格の1倍,月曜～金曜の 23：30～翌6：00 (米国夏時間 22：30～翌5：00),5倍,,,,なし,あり,あり,なし,1枚,「アリババ」を除く米国株式CFDの権利調整額（配当金等）に対し、米国税制に基づき定められた源泉徴収税額が徴収されます。
2026-07-13T08:14:44+00:00,GMOクリック証券,https://www.click-sec.com/corp/guide/cfd/lineup/,株式CFD,株式CFD,自動車・造船・輸送機,ボーイング （NYSE）,BA,,USD,0.01,,,,CFD価格の1倍,月曜～金曜の 23：30～翌6：00 (米国夏時間 22：30～翌5：00),5倍,,,,なし,あり,あり,なし,1枚,「アリババ」を除く米国株式CFDの権利調整額（配当金等）に対し、米国税制に基づき定められた源泉徴収税額が徴収されます。
2026-07-13T08:14:44+00:00,GMOクリック証券,https://www.click-sec.com/corp/guide/cfd/lineup/,株式CFD,株式CFD,資材・その他製品,RTX(旧レイセオン・テクノロジーズ) （NYSE）,RTX,,USD,0.01,,,,CFD価格の1倍,月曜～金曜の 23：30～翌6：00 (米国夏時間 22：30～翌5：00),5倍,,,,なし,あり,あり,なし,1枚,「アリババ」を除く米国株式CFDの権利調整額（配当金等）に対し、米国税制に基づき定められた源泉徴収税額が徴収されます。
2026-07-13T08:14:44+00:00,GMOクリック証券,https://www.click-sec.com/corp/guide/cfd/lineup/,株式CFD,株式CFD,資材・その他製品,ハウメット・エアロスペース （NYSE）,HWM,,USD,0.01,,,,CFD価格の1倍,月曜～金曜の 23：30～翌6：00 (米国夏時間 22：30～翌5：00),5倍,,,,なし,あり,あり,なし,1枚,「アリババ」を除く米国株式CFDの権利調整額（配当金等）に対し、米国税制に基づき定められた源泉徴収税額が徴収されます。
2026-07-13T08:14:44+00:00,GMOクリック証券,https://www.click-sec.com/corp/guide/cfd/lineup/,株式CFD,株式CFD,資材・その他製品,ハネウェル・インターナショナル （NASDAQ）,HON,,USD,0.01,,,,CFD価格の1倍,月曜～金曜の 23：30～翌6：00 (米国夏時間 22：30～翌5：00),5倍,,,,なし,あり,あり,なし,1枚,「アリババ」を除く米国株式CFDの権利調整額（配当金等）に対し、米国税制に基づき定められた源泉徴収税額が徴収されます。
2026-07-13T08:14:44+00:00,楽天証券,https://www.rakuten-sec.co.jp/web/rcfd/lineup/,指数CFD,指数CFD,,日本225,NKD; NIY,日経225先物 / CME,円,0.1,"27,000.0",1 Lot,X 1,,,10% （10倍）,"5,000 Lot","10,000 Lot",20億円,,,,,,
2026-07-13T08:14:44+00:00,楽天証券,https://www.rakuten-sec.co.jp/web/rcfd/lineup/,指数CFD,指数CFD,,日本TPX,TPX,TOPIX先物 / OSE,円,0.1,"1,900.0",1 Lot,X 10,,,10% （10倍）,"1,000 Lot","2,000 Lot",20億円,,,,,,
2026-07-13T08:14:44+00:00,楽天証券,https://www.rakuten-sec.co.jp/web/rcfd/lineup/,指数CFD,指数CFD,,米国30,YM,NYダウ先物 / CME,米ドル,0.1,"31,000.0",1 Lot,X 0.01,,,10% （10倍）,"1,000 Lot","2,000 Lot",20億円,,,,,,
2026-07-13T08:14:44+00:00,楽天証券,https://www.rakuten-sec.co.jp/web/rcfd/lineup/,指数CFD,指数CFD,,米国500,ES,S&P500先物 / CME,米ドル,0.1,"3,900.0",1 Lot,X 0.1,,,10% （10倍）,"1,500 Lot","3,000 Lot",20億円,,,,,,
2026-07-13T08:14:44+00:00,楽天証券,https://www.rakuten-sec.co.jp/web/rcfd/lineup/,指数CFD,指数CFD,,米国400,EMD,米国S&P中型株400種指数 / CME,米ドル,0.1,"2,400.0",1 Lot,X 0.1,,,10% （10倍）,"2,000 Lot","4,000 Lot",20億円,,,,,,
2026-07-13T08:14:44+00:00,楽天証券,https://www.rakuten-sec.co.jp/web/rcfd/lineup/,指数CFD,指数CFD,,米国NQ100,NQ,NASDAQ100先物 / CME,米ドル,0.1,"12,000.0",1 Lot,X 0.1,,,10% （10倍）,600 Lot,600 Lot,20億円,,,,,,
2026-07-13T08:14:44+00:00,楽天証券,https://www.rakuten-sec.co.jp/web/rcfd/lineup/,指数CFD,指数CFD,,米国2000,RTY,米国ラッセル2000指数 / CME,米ドル,0.1,"1,800.0",1 Lot,X 1,,,10% （10倍）,100 Lot,200 Lot,20億円,,,,,,
2026-07-13T08:14:44+00:00,楽天証券,https://www.rakuten-sec.co.jp/web/rcfd/lineup/,指数CFD,指数CFD,,米国TEC,FANG,米国NYSE FANG指数 / ICE,米ドル,0.1,"5,100.0",1 Lot,X 0.1,,,10% （10倍）,300 Lot,600 Lot,20億円,,,,,,
2026-07-13T08:14:44+00:00,楽天証券,https://www.rakuten-sec.co.jp/web/rcfd/lineup/,指数CFD,指数CFD,,英国100,Z,イギリスFTSE100先物 / ICE,英ポンド,0.1,"7,300.0",1 Lot,X 0.1,,,10% （10倍）,200 Lot,400 Lot,20億円,,,,,,
2026-07-13T08:14:44+00:00,楽天証券,https://www.rakuten-sec.co.jp/web/rcfd/lineup/,指数CFD,指数CFD,,ドイツ40,FDAX,ドイツDAX先物 / EUREX,ユーロ,0.1,"12,900.0",1 Lot,X 0.1,,,10% （10倍）,200 Lot,400 Lot,20億円,,,,,,
2026-07-13T08:14:44+00:00,楽天証券,https://www.rakuten-sec.co.jp/web/rcfd/lineup/,指数CFD,指数CFD,,ユーロ50,FESX,ユーロ・ストックス50先物 / EUREX,ユーロ,0.1,"3,500.0",1 Lot,X 0.1,,,10% （10倍）,600 Lot,"1,200 Lot",20億円,,,,,,
2026-07-13T08:14:44+00:00,楽天証券,https://www.rakuten-sec.co.jp/web/rcfd/lineup/,指数CFD,指数CFD,,中国A50,CN,中国 A50指数 / SGX,米ドル,0.1,"13,200.0",1 Lot,X 0.1,,,10% （10倍）,250 Lot,500 Lot,20億円,,,,,,
2026-07-13T08:14:44+00:00,楽天証券,https://www.rakuten-sec.co.jp/web/rcfd/lineup/,指数CFD,指数CFD,,中国H株,HHI,中国ハンセン企業指数 / XHKF,香港ドル,0.1,"6,500.0",1 Lot,X 1,,,10% （10倍）,100 Lot,200 Lot,20億円,,,,,,
2026-07-13T08:14:44+00:00,楽天証券,https://www.rakuten-sec.co.jp/web/rcfd/lineup/,指数CFD,指数CFD,,香港HS50,HSI,香港ハンセン先物 / HKFE,香港ドル,0.1,"19,000.0",1 Lot,X 1,,,10% （10倍）,100 Lot,200 Lot,20億円,,,,,,
2026-07-13T08:14:44+00:00,楽天証券,https://www.rakuten-sec.co.jp/web/rcfd/lineup/,指数CFD,指数CFD,,インド50,NIFTY,インドニフティ50指数 / INSE,米ドル,0.1,"17,500.0",1 Lot,X 0.1,,,10% （10倍）,50 Lot,100 Lot,20億円,,,,,,
2026-07-13T08:14:44+00:00,楽天証券,https://www.rakuten-sec.co.jp/web/rcfd/lineup/,指数CFD,指数CFD,,オーストラリア200,AP,S&P/ASX200先物 / ASX,豪ドル,0.1,"6,800.0",1 Lot,X 0.1,,,10% （10倍）,200 Lot,400 Lot,20億円,,,,,,
2026-07-13T08:14:44+00:00,楽天証券,https://www.rakuten-sec.co.jp/web/rcfd/lineup/,指数CFD,指数CFD,,フランス40,FCE,フランスCAC40先物 / EURONEXT PARIS,ユーロ,0.1,"6,100.0",1 Lot,X 0.1,,,10% （10倍）,150 Lot,300 Lot,20億円,,,,,,
2026-07-13T08:14:44+00:00,楽天証券,https://www.rakuten-sec.co.jp/web/rcfd/lineup/,指数CFD,指数CFD,,イタリア40,FIB,イタリアFTSE MIB指数 / EURONEXTD,ユーロ,1,"21,500",1 Lot,X 0.1,,,10% （10倍）,100 Lot,200 Lot,20億円,,,,,,
2026-07-13T08:14:44+00:00,楽天証券,https://www.rakuten-sec.co.jp/web/rcfd/lineup/,指数CFD,指数CFD,,スペイン35,IBEX,スペインIBEX35指数 / MEFF,ユーロ,0.1,"7,800.0",1 Lot,X 0.1,,,10% （10倍）,250 Lot,500 Lot,20億円,,,,,,
2026-07-13T08:14:44+00:00,楽天証券,https://www.rakuten-sec.co.jp/web/rcfd/lineup/,指数CFD,指数CFD,,スイス20,FSMI,スイスSMI指数 / EUREX,スイスフラン,0.1,"11,000.0",1 Lot,X 0.1,,,10% （10倍）,200 Lot,400 Lot,20億円,,,,,,
2026-07-13T08:14:44+00:00,楽天証券,https://www.rakuten-sec.co.jp/web/rcfd/lineup/,指数CFD,指数CFD,,オランダ25,EOE,オランダAEX指数 / EURONEXTD,ユーロ,0.1,700.0,1 Lot,X 1,,,10% （10倍）,460 Lot,920 Lot,20億円,,,,,,
2026-07-13T08:14:44+00:00,楽天証券,https://www.rakuten-sec.co.jp/web/rcfd/lineup/,指数CFD,指数CFD,,シンガポール,SMSI,シンガポールMSC指数 / SGX,シンガポールドル,0.1,280.0,1 Lot,X 10,,,10% （10倍）,50 Lot,100 Lot,20億円,,,,,,
2026-07-13T08:14:44+00:00,楽天証券,https://www.rakuten-sec.co.jp/web/rcfd/lineup/,指数CFD,指数CFD,,台湾50,TW,台湾FTSE指数 / SGX,米ドル,0.1,"1,150.0",1 Lot,X 1,,,10% （10倍）,100 Lot,200 Lot,20億円,,,,,,
2026-07-13T08:14:44+00:00,楽天証券,https://www.rakuten-sec.co.jp/web/rcfd/lineup/,指数CFD,指数CFD,,iシェアーズ MSCI ブラジル ETF,EWZ,EWZ / NYSE,米ドル,0.01,31.02,1 Lot,X 1,,,10% （10倍）,"2,450 Lot","4,900 Lot",20億円,,,,,,
2026-07-13T08:14:44+00:00,楽天証券,https://www.rakuten-sec.co.jp/web/rcfd/lineup/,指数CFD,指数CFD,,iシェアーズ MSCI マレーシア ETF,EWM,EWM / NYSE,米ドル,0.01,22.76,1 Lot,X 1,,,10% （10倍）,"4,000 Lot","8,000 Lot",20億円,,,,,,
2026-07-13T08:14:44+00:00,楽天証券,https://www.rakuten-sec.co.jp/web/rcfd/lineup/,指数CFD,指数CFD,,iシェアーズ MSCI フィリピン ETF,EPHE,EPHE / NYSE,米ドル,0.01,27.17,1 Lot,X 1,,,10% （10倍）,"2,750 Lot","5,500 Lot",20億円,,,,,,
2026-07-13T08:14:44+00:00,楽天証券,https://www.rakuten-sec.co.jp/web/rcfd/lineup/,指数CFD,指数CFD,,iシェアーズ MSCI 韓国 ETF,EWY,EWY / NYSE,米ドル,0.01,64.87,1 Lot,X 1,,,10% （10倍）,"1,300 Lot","2,600 Lot",20億円,,,,,,
2026-07-13T08:14:44+00:00,楽天証券,https://www.rakuten-sec.co.jp/web/rcfd/lineup/,指数CFD,指数CFD,,iシェアーズ MSCI トルコ ETF,TUR,TUR / NASDAQ,米ドル,0.01,29.62,1 Lot,X 1,,,10% （10倍）,"2,300 Lot","4,600 Lot",20億円,,,,,,
2026-07-13T08:14:44+00:00,楽天証券,https://www.rakuten-sec.co.jp/web/rcfd/lineup/,指数CFD,指数CFD,,ヴァンエック・インドネシア・インデックスETF,IDX,IDX / NYSE,米ドル,0.01,18.41,1 Lot,X 1,,,10% （10倍）,"2,750 Lot","5,500 Lot",20億円,,,,,,
2026-07-13T08:14:44+00:00,楽天証券,https://www.rakuten-sec.co.jp/web/rcfd/lineup/,指数CFD,指数CFD,,ヴァンエック・ベトナムETF,VNM,VNM / NYSE,米ドル,0.01,14.76,1 Lot,X 1,,,10% （10倍）,"6,000 Lot","12,000 Lot",20億円,,,,,,
2026-07-13T08:14:44+00:00,楽天証券,https://www.rakuten-sec.co.jp/web/rcfd/lineup/,指数CFD,指数CFD,,iシェアーズ・グローバル・クリーンエネルギーETF,ICLN,ICLN / NASDAQ,米ドル,0.01,12.61,1 Lot,X 1,,,10% （10倍）,"3,780 Lot","7,560 Lot",20億円,,,,,,
2026-07-13T08:14:44+00:00,楽天証券,https://www.rakuten-sec.co.jp/web/rcfd/lineup/,指数CFD,指数CFD,,iシェアーズ 米国エネルギーETF,IYE,IYE / NYSE,米ドル,0.01,46.62,1 Lot,X 1,,,10% （10倍）,410 Lot,820 Lot,20億円,,,,,,
2026-07-13T08:14:44+00:00,楽天証券,https://www.rakuten-sec.co.jp/web/rcfd/lineup/,指数CFD,指数CFD,,iシェアーズ 米国公益事業ETF,IDU,IDU / NYSE,米ドル,0.01,100.48,1 Lot,X 1,,,10% （10倍）,475 Lot,950 Lot,20億円,,,,,,
2026-07-13T08:14:44+00:00,楽天証券,https://www.rakuten-sec.co.jp/web/rcfd/lineup/,指数CFD,指数CFD,,iシェアーズ 米国不動産ETF,IYR,IYR / NYSE,米ドル,0.01,96.19,1 Lot,X 1,,,10% （10倍）,525 Lot,"1,050 Lot",20億円,,,,,,
2026-07-13T08:14:44+00:00,楽天証券,https://www.rakuten-sec.co.jp/web/rcfd/lineup/,指数CFD,指数CFD,,インベスコ・ソーラーETF,TAN,TAN / NYSE,米ドル,0.01,35.54,1 Lot,X 1,,,10% （10倍）,"1,415 Lot","2,830 Lot",20億円,,,,,,
2026-07-13T08:14:44+00:00,楽天証券,https://www.rakuten-sec.co.jp/web/rcfd/lineup/,指数CFD,指数CFD,,エネルギー・セレクト・セクターSPDRファンド,XLE,XLE / NYSE,米ドル,0.01,88.22,1 Lot,X 1,,,10% （10倍）,"1,170 Lot","2,340 Lot",20億円,,,,,,
2026-07-13T08:14:44+00:00,楽天証券,https://www.rakuten-sec.co.jp/web/rcfd/lineup/,指数CFD,指数CFD,,SPDR S&P オイル＆ガス探査生産ETF,XOP,XOP / NYSE,米ドル,0.01,131.34,1 Lot,X 1,,,10% （10倍）,395 Lot,790 Lot,20億円,,,,,,
2026-07-13T08:14:44+00:00,楽天証券,https://www.rakuten-sec.co.jp/web/rcfd/lineup/,指数CFD,指数CFD,,公益事業セレクト・セクターSPDRファンド,XLU,XLU / NYSE,米ドル,0.01,78.62,1 Lot,X 1,,,10% （10倍）,"1,220 Lot","2,440 Lot",20億円,,,,,,
2026-07-13T08:14:44+00:00,楽天証券,https://www.rakuten-sec.co.jp/web/rcfd/lineup/,指数CFD,指数CFD,,バンガード・エネルギーETF,VDE,VDE / NYSE,米ドル,0.01,123.47,1 Lot,X 1,,,10% （10倍）,255 Lot,510 Lot,20億円,,,,,,
2026-07-13T08:14:44+00:00,楽天証券,https://www.rakuten-sec.co.jp/web/rcfd/lineup/,指数CFD,指数CFD,,バンガード・公益事業ETF,VPU,VPU / NYSE,米ドル,0.01,169.98,1 Lot,X 1,,,10% （10倍）,280 Lot,560 Lot,20億円,,,,,,
2026-07-13T08:14:44+00:00,楽天証券,https://www.rakuten-sec.co.jp/web/rcfd/lineup/,指数CFD,指数CFD,,バンガード・米国不動産ETF,VNQ,VNQ / NYSE,米ドル,0.01,91.58,1 Lot,X 1,,,10% （10倍）,560 Lot,"1,120 Lot",20億円,,,,,,
2026-07-13T08:14:44+00:00,楽天証券,https://www.rakuten-sec.co.jp/web/rcfd/lineup/,指数CFD,指数CFD,,不動産セレクト・セクターSPDRファンド,XLRE,XLRE / NYSE,米ドル,0.01,42.18,1 Lot,X 1,,,10% （10倍）,"1,200 Lot","2,400 Lot",20億円,,,,,,
2026-07-13T08:14:44+00:00,楽天証券,https://www.rakuten-sec.co.jp/web/rcfd/lineup/,商品CFD,商品CFD,,金,GC,金 / CME,米ドル,0.1,"1,700.0",1Lot,X 1,,,5% （20倍）,200 Lot,400 Lot,5億円,,,,,,
2026-07-13T08:14:44+00:00,楽天証券,https://www.rakuten-sec.co.jp/web/rcfd/lineup/,商品CFD,商品CFD,,銀,SI,銀 / CME,米ドル,0.001,18.000,1Lot,X 10,,,5% （20倍）,"1,000 Lot","2,000 Lot",5億円,,,,,,
2026-07-13T08:14:44+00:00,楽天証券,https://www.rakuten-sec.co.jp/web/rcfd/lineup/,商品CFD,商品CFD,,銅,HG,銅 / COMEX,米ドル,0.0001,3.4500,1Lot,X 100,,,5% （20倍）,500 Lot,"1,000 Lot",5億円,,,,,,
2026-07-13T08:14:44+00:00,楽天証券,https://www.rakuten-sec.co.jp/web/rcfd/lineup/,商品CFD,商品CFD,,プラチナ,PL,プラチナ / CME,米ドル,0.1,830.0,1Lot,X 1,,,5% （20倍）,100 Lot,200 Lot,5億円,,,,,,
2026-07-13T08:14:44+00:00,楽天証券,https://www.rakuten-sec.co.jp/web/rcfd/lineup/,商品CFD,商品CFD,,パラジウム,PA,パラジウム / CME,米ドル,0.1,"2,000.0",1Lot,X 1,,,5% （20倍）,250 Lot,500 Lot,5億円,,,,,,
2026-07-13T08:14:44+00:00,楽天証券,https://www.rakuten-sec.co.jp/web/rcfd/lineup/,商品CFD,商品CFD,,WTI原油,CL,WTI原油先物/NYMEX,米ドル,0.01,85.50,1Lot,X 10,,,5% （20倍）,250 Lot,500 Lot,5億円,,,,,,
2026-07-13T08:14:44+00:00,楽天証券,https://www.rakuten-sec.co.jp/web/rcfd/lineup/,商品CFD,商品CFD,,北海原油,BRN,北海ブレント原油先物/ICE,米ドル,0.01,92.00,1Lot,X 10,,,5% （20倍）,250 Lot,500 Lot,5億円,,,,,,
2026-07-13T08:14:44+00:00,楽天証券,https://www.rakuten-sec.co.jp/web/rcfd/lineup/,商品CFD,商品CFD,,ヒーティングオイル,HO,ヒーティングオイル先物/NYMEX,米ドル,0.0001,2.8300,1Lot,X 100,,,5% （20倍）,"1,000 Lot","2,000 Lot",5億円,,,,,,
2026-07-13T08:14:44+00:00,楽天証券,https://www.rakuten-sec.co.jp/web/rcfd/lineup/,商品CFD,商品CFD,,ガソリン,RB,ガソリン先物/NYMEX,米ドル,0.0001,2.5200,1Lot,X 100,,,5% （20倍）,"1,000 Lot","2,000 Lot",5億円,,,,,,
2026-07-13T08:14:44+00:00,楽天証券,https://www.rakuten-sec.co.jp/web/rcfd/lineup/,商品CFD,商品CFD,,天然ガス,NG,天然ガス先物/NYMEX,米ドル,0.001,8.500,1Lot,X 100,,,5% （20倍）,400 Lot,800 Lot,5億円,,,,,,
2026-07-13T08:14:44+00:00,楽天証券,https://www.rakuten-sec.co.jp/web/rcfd/lineup/,商品CFD,商品CFD,,大豆,ZS,大豆先物/CBOT,米ドル,0.0001,14.0000,1Lot,X 100,,,5% （20倍）,100 Lot,200 Lot,5億円,,,,,,
2026-07-13T08:14:44+00:00,楽天証券,https://www.rakuten-sec.co.jp/web/rcfd/lineup/,商品CFD,商品CFD,,コーン,ZC,コーン先物/CBOT,米ドル,0.0001,6.7000,1Lot,X 100,,,5% （20倍）,100 Lot,200 Lot,5億円,,,,,,
2026-07-13T08:14:44+00:00,楽天証券,https://www.rakuten-sec.co.jp/web/rcfd/lineup/,商品CFD,商品CFD,,コーヒー,KC,コーヒー先物/ICE,米ドル,0.0001,1.6200,1Lot,X 1000,,,5% （20倍）,100 Lot,200 Lot,5億円,,,,,,
2026-07-13T08:14:44+00:00,楽天証券,https://www.rakuten-sec.co.jp/web/rcfd/lineup/,商品CFD,商品CFD,,粗糖,SB,粗糖先物/ICE,米ドル,0.0001,0.1800,1Lot,X 10000,,,5% （20倍）,100 Lot,200 Lot,5億円,,,,,,
2026-07-13T08:14:44+00:00,楽天証券,https://www.rakuten-sec.co.jp/web/rcfd/lineup/,商品CFD,商品CFD,,小麦,ZW,小麦先物/CBOT,米ドル,0.0001,8.0000,1Lot,X 100,,,5% （20倍）,100 Lot,200 Lot,5億円,,,,,,
2026-07-13T08:14:44+00:00,楽天証券,https://www.rakuten-sec.co.jp/web/rcfd/lineup/,商品CFD,商品CFD,,ココア,CC,ココア先物/ICE,米ドル,1,"2,400",1Lot,X 1,,,5% （20倍）,80 Lot,160 Lot,5億円,,,,,,
2026-07-13T08:14:44+00:00,楽天証券,https://www.rakuten-sec.co.jp/web/rcfd/lineup/,商品CFD,商品CFD,,コットン,CT,コットン先物/ICE,米ドル,0.0001,0.8500,1Lot,X 1000,,,5% （20倍）,200 Lot,400 Lot,5億円,,,,,,
2026-07-13T08:14:44+00:00,楽天証券,https://www.rakuten-sec.co.jp/web/rcfd/lineup/,商品CFD,商品CFD,,生牛,LE,生牛先物/CME,米ドル,0.00001,1.85100,1Lot,X 100,,,5% （20倍）,"4,000 Lot","8,000 Lot",5億円,,,,,,
2026-07-13T08:14:44+00:00,楽天証券,https://www.rakuten-sec.co.jp/web/rcfd/lineup/,商品CFD,商品CFD,,豚肉,HE,豚赤身肉先物/CME,米ドル,0.001,83.017,1Lot,X 100,,,5% （20倍）,200 Lot,400 Lot,5億円,,,,,,
2026-07-13T08:14:44+00:00,楽天証券,https://www.rakuten-sec.co.jp/web/rcfd/lineup/,バラエティCFD,バラエティCFD,,米国VI,VX,米国S&P500 VIX指数先物/CBOE,米ドル,0.01,35.00,1 Lot,X 10,,,20% （5倍）,200 Lot,400 Lot,2億円,,,,,,
2026-07-13T08:14:44+00:00,楽天証券,https://www.rakuten-sec.co.jp/web/rcfd/lineup/,株式CFD,株式CFD,,アップル,AAPL,AAPL/NASDAQ,米ドル,0.01,168.64,1Lot,×1,,,20％ （5倍）,350 Lot,700 Lot,2億円,,,,,,
2026-07-13T08:14:44+00:00,楽天証券,https://www.rakuten-sec.co.jp/web/rcfd/lineup/,株式CFD,株式CFD,,アドビ,ADBE,ADBE/NASDAQ,米ドル,0.01,479.07,1Lot,×1,,,20％ （5倍）,90 Lot,180 Lot,2億円,,,,,,
2026-07-13T08:14:44+00:00,楽天証券,https://www.rakuten-sec.co.jp/web/rcfd/lineup/,株式CFD,株式CFD,,シースリー・エーアイ,AI,AI/NYSE,米ドル,0.01,26.96,1Lot,×1,,,20％ （5倍）,"3,000 Lot","6,000 Lot",2億円,,,,,,
2026-07-13T08:14:44+00:00,楽天証券,https://www.rakuten-sec.co.jp/web/rcfd/lineup/,株式CFD,株式CFD,,アルベマール,ALB,ALB/NYSE,米ドル,0.01,200.19,1Lot,×1,,,20％ （5倍）,650 Lot,"1,300 Lot",2億円,,,,,,
2026-07-13T08:14:44+00:00,楽天証券,https://www.rakuten-sec.co.jp/web/rcfd/lineup/,株式CFD,株式CFD,,アドバンスト・マイクロ・デバイス(AMD),AMD,AMD/NASDAQ,米ドル,0.01,114.67,1Lot,×1,,,20％ （5倍）,650 Lot,"1,300 Lot",2億円,,,,,,
2026-07-13T08:14:44+00:00,楽天証券,https://www.rakuten-sec.co.jp/web/rcfd/lineup/,株式CFD,株式CFD,,アマゾン・ドット・コム,AMZN,AMZN/NASDAQ,米ドル,0.01,140.39,1Lot,×1,,,20％ （5倍）,450 Lot,900 Lot,2億円,,,,,,
2026-07-13T08:14:44+00:00,楽天証券,https://www.rakuten-sec.co.jp/web/rcfd/lineup/,株式CFD,株式CFD,,アーム・ホールディングス,ARM,ARM/NASDAQ,米ドル,0.01,140.57,1Lot,×1,,,20％ （5倍）,280 Lot,560 Lot,2億円,,,,,,
2026-07-13T08:14:44+00:00,楽天証券,https://www.rakuten-sec.co.jp/web/rcfd/lineup/,株式CFD,株式CFD,,ASMLホールディング,ASML,ASML/NASDAQ,米ドル,0.01,704.06,1Lot,×1,,,20％ （5倍）,100 Lot,200 Lot,2億円,,,,,,
2026-07-13T08:14:44+00:00,楽天証券,https://www.rakuten-sec.co.jp/web/rcfd/lineup/,株式CFD,株式CFD,,ブロードコム,AVGO,AVGO/NASDAQ,米ドル,0.01,196.36,1Lot,×1,,,20％ （5倍）,320 Lot,640 Lot,2億円,,,,,,
2026-07-13T08:14:44+00:00,楽天証券,https://www.rakuten-sec.co.jp/web/rcfd/lineup/,株式CFD,株式CFD,,ボーイング,BA,BA/NYSE,米ドル,0.01,160.81,1Lot,×1,,,20％ （5倍）,230 Lot,460 Lot,2億円,,,,,,
2026-07-13T08:14:44+00:00,楽天証券,https://www.rakuten-sec.co.jp/web/rcfd/lineup/,株式CFD,株式CFD,,アリババ・グループ・ホールディング,BABA,BABA/NYSE,米ドル,0.01,96.22,1Lot,×1,,,20％ （5倍）,900 Lot,"1,800 Lot",2億円,,,,,,
2026-07-13T08:14:44+00:00,楽天証券,https://www.rakuten-sec.co.jp/web/rcfd/lineup/,株式CFD,株式CFD,,バンク・オブ・アメリカ,BAC,BAC/NYSE,米ドル,0.01,45.13,1Lot,×1,,,20％ （5倍）,930 Lot,"1,870 Lot",2億円,,,,,,
2026-07-13T08:14:44+00:00,楽天証券,https://www.rakuten-sec.co.jp/web/rcfd/lineup/,株式CFD,株式CFD,,バイドゥ,BIDU,BIDU/NASDAQ,米ドル,0.01,127.61,1Lot,×1,,,20％ （5倍）,750 Lot,"1,500 Lot",2億円,,,,,,
2026-07-13T08:14:44+00:00,楽天証券,https://www.rakuten-sec.co.jp/web/rcfd/lineup/,株式CFD,株式CFD,,ビリビリ,BILI,BILI/NASDAQ,米ドル,0.01,25.09,1Lot,×1,,,20％ （5倍）,"6,650 Lot","13,300 Lot",2億円,,,,,,
2026-07-13T08:14:44+00:00,楽天証券,https://www.rakuten-sec.co.jp/web/rcfd/lineup/,株式CFD,株式CFD,,バークシャー・ハサウェイ クラスB,BRK B,BRK B/NYSE,米ドル,0.01,460.90,1Lot,×1,,,20％ （5倍）,90 Lot,180 Lot,2億円,,,,,,
2026-07-13T08:14:44+00:00,楽天証券,https://www.rakuten-sec.co.jp/web/rcfd/lineup/,株式CFD,株式CFD,,コインベース,COIN,COIN/NASDAQ,米ドル,0.01,139.01,1Lot,×1,,,20％ （5倍）,550 Lot,"1,100 Lot",2億円,,,,,,
2026-07-13T08:14:44+00:00,楽天証券,https://www.rakuten-sec.co.jp/web/rcfd/lineup/,株式CFD,株式CFD,,クーパン,CPNG,CPNG/NYSE,米ドル,0.01,19.11,1Lot,×1,,,20％ （5倍）,"6,350 Lot","12,700 Lot",2億円,,,,,,
2026-07-13T08:14:44+00:00,楽天証券,https://www.rakuten-sec.co.jp/web/rcfd/lineup/,株式CFD,株式CFD,,セールスフォース,CRM,CRM/NYSE,米ドル,0.01,219.76,1Lot,×1,,,20％ （5倍）,300 Lot,600 Lot,2億円,,,,,,
2026-07-13T08:14:44+00:00,楽天証券,https://www.rakuten-sec.co.jp/web/rcfd/lineup/,株式CFD,株式CFD,,クラウドストライク,CRWD,CRWD/NASDAQ,米ドル,0.01,345.86,1Lot,×1,,,20％ （5倍）,110 Lot,220 Lot,2億円,,,,,,
2026-07-13T08:14:44+00:00,楽天証券,https://www.rakuten-sec.co.jp/web/rcfd/lineup/,株式CFD,株式CFD,,デル・テクノロジーズ クラスC,DELL,DELL/NYSE,米ドル,0.01,123.90,1Lot,×1,,,20％ （5倍）,370 Lot,750 Lot,2億円,,,,,,
2026-07-13T08:14:44+00:00,楽天証券,https://www.rakuten-sec.co.jp/web/rcfd/lineup/,株式CFD,株式CFD,,ウォルト・ディズニー,DIS,DIS/NYSE,米ドル,0.01,108.42,1Lot,×1,,,20％ （5倍）,370 Lot,750 Lot,2億円,,,,,,
2026-07-13T08:14:44+00:00,楽天証券,https://www.rakuten-sec.co.jp/web/rcfd/lineup/,株式CFD,株式CFD,,アルファベット クラスA,GOOGL,GOOGL/NASDAQ,米ドル,0.01,128.34,1Lot,×1,,,20％ （5倍）,500 Lot,"1,000 Lot",2億円,,,,,,
2026-07-13T08:14:44+00:00,楽天証券,https://www.rakuten-sec.co.jp/web/rcfd/lineup/,株式CFD,株式CFD,,ゴールドマン・サックス・グループ,GS,GS/NYSE,米ドル,0.01,576.99,1Lot,×1,,,20％ （5倍）,90 Lot,180 Lot,2億円,,,,,,
2026-07-13T08:14:44+00:00,楽天証券,https://www.rakuten-sec.co.jp/web/rcfd/lineup/,株式CFD,株式CFD,,IBM,IBM,IBM/NYSE,米ドル,0.01,220.85,1Lot,×1,,,20％ （5倍）,220 Lot,450 Lot,2億円,,,,,,
2026-07-13T08:14:44+00:00,楽天証券,https://www.rakuten-sec.co.jp/web/rcfd/lineup/,株式CFD,株式CFD,,インテル,INTC,INTC/NASDAQ,米ドル,0.01,21.98,1Lot,×1,,,20％ （5倍）,"2,060 Lot","4,120 Lot",2億円,,,,,,
2026-07-13T08:14:44+00:00,楽天証券,https://www.rakuten-sec.co.jp/web/rcfd/lineup/,株式CFD,株式CFD,,JD.COM（京東商城）,JD,JD/NASDAQ,米ドル,0.01,47.57,1Lot,×1,,,20％ （5倍）,"3,300 Lot","6,600 Lot",2億円,,,,,,
2026-07-13T08:14:44+00:00,楽天証券,https://www.rakuten-sec.co.jp/web/rcfd/lineup/,株式CFD,株式CFD,,JPモルガン・チェース,JPM,JPM/NYSE,米ドル,0.01,151.42,1Lot,×1,,,20％ （5倍）,500 Lot,"1,000 Lot",2億円,,,,,,
2026-07-13T08:14:44+00:00,楽天証券,https://www.rakuten-sec.co.jp/web/rcfd/lineup/,株式CFD,株式CFD,,コカ・コーラ,KO,KO/NYSE,米ドル,0.01,63.37,1Lot,×1,,,20％ （5倍）,630 Lot,"1,270 Lot",2億円,,,,,,
2026-07-13T08:14:44+00:00,楽天証券,https://www.rakuten-sec.co.jp/web/rcfd/lineup/,株式CFD,株式CFD,,イーライリリー,LLY,LLY/NYSE,米ドル,0.01,795.54,1Lot,×1,,,20％ （5倍）,50 Lot,100 Lot,2億円,,,,,,
2026-07-13T08:14:44+00:00,楽天証券,https://www.rakuten-sec.co.jp/web/rcfd/lineup/,株式CFD,株式CFD,,メタ・プラットフォームズ,META,META/NASDAQ,米ドル,0.01,285.04,1Lot,×1,,,20％ （5倍）,250 Lot,500 Lot,2億円,,,,,,
2026-07-13T08:14:44+00:00,楽天証券,https://www.rakuten-sec.co.jp/web/rcfd/lineup/,株式CFD,株式CFD,,マイクロソフト,MSFT,MSFT/NASDAQ,米ドル,0.01,320.69,1Lot,×1,,,20％ （5倍）,200 Lot,400 Lot,2億円,,,,,,
2026-07-13T08:14:44+00:00,楽天証券,https://www.rakuten-sec.co.jp/web/rcfd/lineup/,株式CFD,株式CFD,,ストラテジー,MSTR,MSTR/NASDAQ,米ドル,0.01,338.55,1Lot,×1,,,20％ （5倍）,120 Lot,240 Lot,2億円,,,,,,
2026-07-13T08:14:44+00:00,楽天証券,https://www.rakuten-sec.co.jp/web/rcfd/lineup/,株式CFD,株式CFD,,マイクロン テクノロジー,MU,MU/NASDAQ,米ドル,0.01,100.51,1Lot,×1,,,20％ （5倍）,450 Lot,900 Lot,2億円,,,,,,
2026-07-13T08:14:44+00:00,楽天証券,https://www.rakuten-sec.co.jp/web/rcfd/lineup/,株式CFD,株式CFD,,ネットフリックス,NFLX,NFLX/NASDAQ,米ドル,0.01,431.36,1Lot,×1,,,20％ （5倍）,"1,500 Lot","3,000 Lot",2億円,,,,,,
2026-07-13T08:14:44+00:00,楽天証券,https://www.rakuten-sec.co.jp/web/rcfd/lineup/,株式CFD,株式CFD,,ニオ,NIO,NIO/NYSE,米ドル,0.01,15.19,1Lot,×1,,,20％ （5倍）,"14,700 Lot","29,400 Lot",2億円,,,,,,
2026-07-13T08:14:44+00:00,楽天証券,https://www.rakuten-sec.co.jp/web/rcfd/lineup/,株式CFD,株式CFD,,ナイキ,NKE,NKE/NYSE,米ドル,0.01,76.19,1Lot,×1,,,20％ （5倍）,540 Lot,"1,090 Lot",2億円,,,,,,
2026-07-13T08:14:44+00:00,楽天証券,https://www.rakuten-sec.co.jp/web/rcfd/lineup/,株式CFD,株式CFD,,エヌビディア,NVDA,NVDA/NASDAQ,米ドル,0.01,40.90,1Lot,×1,,,20％ （5倍）,"1,050 Lot","2,100 Lot",2億円,,,,,,
2026-07-13T08:14:44+00:00,楽天証券,https://www.rakuten-sec.co.jp/web/rcfd/lineup/,株式CFD,株式CFD,,ユーアイパス,PATH,PATH/NYSE,米ドル,0.01,22.82,1Lot,×1,,,20％ （5倍）,"5,100 Lot","10,200 Lot",2億円,,,,,,
2026-07-13T08:14:44+00:00,楽天証券,https://www.rakuten-sec.co.jp/web/rcfd/lineup/,株式CFD,株式CFD,,PDDホールディングス,PDD,PDD/NASDAQ,米ドル,0.01,87.87,1Lot,×1,,,20％ （5倍）,650 Lot,"1,300 Lot",2億円,,,,,,
2026-07-13T08:14:44+00:00,楽天証券,https://www.rakuten-sec.co.jp/web/rcfd/lineup/,株式CFD,株式CFD,,ファイザー,PFE,PFE/NYSE,米ドル,0.01,26.53,1Lot,×1,,,20％ （5倍）,"1,500 Lot","3,000 Lot",2億円,,,,,,
2026-07-13T08:14:44+00:00,楽天証券,https://www.rakuten-sec.co.jp/web/rcfd/lineup/,株式CFD,株式CFD,,パランティア・テクノロジーズ,PLTR,PLTR/NASDAQ,米ドル,0.01,15.45,1Lot,×1,,,20％ （5倍）,"4,650 Lot","9,300 Lot",2億円,,,,,,
2026-07-13T08:14:44+00:00,楽天証券,https://www.rakuten-sec.co.jp/web/rcfd/lineup/,株式CFD,株式CFD,,クアルコム,QCOM,QCOM/NASDAQ,米ドル,0.01,161.64,1Lot,×1,,,20％ （5倍）,260 Lot,520 Lot,2億円,,,,,,
2026-07-13T08:14:44+00:00,楽天証券,https://www.rakuten-sec.co.jp/web/rcfd/lineup/,株式CFD,株式CFD,,リヴィアン・オートモーティブ,RIVN,RIVN/NASDAQ,米ドル,0.01,30.20,1Lot,×1,,,20％ （5倍）,"4,450 Lot","8,900 Lot",2億円,,,,,,
2026-07-13T08:14:44+00:00,楽天証券,https://www.rakuten-sec.co.jp/web/rcfd/lineup/,株式CFD,株式CFD,,スーパー・マイクロ・コンピューター,SMCI,SMCI/NASDAQ,米ドル,0.01,33.22,1Lot,×1,,,20％ （5倍）,"1,260 Lot","2,530 Lot",2億円,,,,,,
2026-07-13T08:14:44+00:00,楽天証券,https://www.rakuten-sec.co.jp/web/rcfd/lineup/,株式CFD,株式CFD,,スノーフレーク,SNOW,SNOW/NYSE,米ドル,0.01,190.89,1Lot,×1,,,20％ （5倍）,450 Lot,900 Lot,2億円,,,,,,
2026-07-13T08:14:44+00:00,楽天証券,https://www.rakuten-sec.co.jp/web/rcfd/lineup/,株式CFD,株式CFD,,シンボティック,SYM,SYM/NASDAQ,米ドル,0.01,24.68,1Lot,×1,,,20％ （5倍）,"1,800 Lot","3,600 Lot",2億円,,,,,,
2026-07-13T08:14:44+00:00,楽天証券,https://www.rakuten-sec.co.jp/web/rcfd/lineup/,株式CFD,株式CFD,,テスラ,TSLA,TSLA/NASDAQ,米ドル,0.01,243.31,1Lot,×1,,,20％ （5倍）,300 Lot,600 Lot,2億円,,,,,,
2026-07-13T08:14:44+00:00,楽天証券,https://www.rakuten-sec.co.jp/web/rcfd/lineup/,株式CFD,株式CFD,,タイワン・セミコンダクター・マニュファクチャリング,TSM,TSM/NYSE,米ドル,0.01,104.85,1Lot,×1,,,20％ （5倍）,750 Lot,"1,500 Lot",2億円,,,,,,
2026-07-13T08:14:44+00:00,楽天証券,https://www.rakuten-sec.co.jp/web/rcfd/lineup/,株式CFD,株式CFD,,アップスタート・ホールディングス,UPST,UPST/NASDAQ,米ドル,0.01,67.16,1Lot,×1,,,20％ （5倍）,"2,900 Lot","5,800 Lot",2億円,,,,,,
2026-07-13T08:14:44+00:00,楽天証券,https://www.rakuten-sec.co.jp/web/rcfd/lineup/,株式CFD,株式CFD,,ウォルマート,WMT,WMT/NYSE,米ドル,0.01,89.30,1Lot,×1,,,20％ （5倍）,670 Lot,"1,350 Lot",2億円,,,,,,
2026-07-13T08:14:44+00:00,楽天証券,https://www.rakuten-sec.co.jp/web/rcfd/lineup/,株式CFD,株式CFD,,エクソンモービル,XOM,XOM/NYSE,米ドル,0.01,114.13,1Lot,×1,,,20％ （5倍）,370 Lot,750 Lot,2億円,,,,,,
